Player,Team,Pos,Pos_Num,Class,Age,GP,MPG,MIN_PERC,USG_PERC,Tor,FTA,FT_PERC,2PA,2P_PERC,3PA,3P_PERC,TS_PERC,PPG,RPG,TRB_PERC,APG,AST_PERC,SPG,BPG,TOPG,VI,ORTG,DRTG
Aaron Brooks,Min,PG,1,FrontCourt,33,11,4.8,10,19.7,0.084,2,0.5,11,0.455,10,0.5,0.594,2.4,0.5,6.5,0.6,20.8,0.09,0,0.18,7.5,,
Aaron Gordon,Orl,SF,3,BackCourt,22,20,32.9,68.5,21.2,0.09,85,0.765,150,0.56,105,0.438,0.634,18.6,8.4,13.8,2.2,10.2,1.05,0.9,1.45,8.5,121.6,106.1
Abdel Nader,Bos,SF,3,BackCourt,24,11,7,14.5,14.4,0.24,0,0,12,0.417,7,0.286,0.421,1.5,0.8,6.4,0.3,5.7,0.18,0.18,0.55,4.1,72.6,96.4
Al Horford,Bos,C,5,BackCourt,31,21,32.5,67.6,18.1,0.18,43,0.791,141,0.596,68,0.441,0.641,13.9,8.1,13.7,4.9,24.7,0.62,1,2.38,10.1,118.2,96.8
Al Jefferson,Ind,C,5,BackCourt,33,10,14,29.1,22.1,0.114,12,0.833,56,0.554,1,0,0.578,7.2,4.7,18.9,1.1,12.3,0.5,0.7,0.8,9.5,114.5,94.9
Alec Burks,Uta,SG,2,FrontCourt,26,21,18,37.6,21.5,0.094,35,0.914,98,0.398,50,0.42,0.529,8.2,3,9.6,0.9,7.7,0.9,0.29,0.81,6.2,102.1,100.4
Alec Peters,Pho,PF,4,BackCourt,22,2,7.2,15,11.4,0,0,0,0,0,4,0.25,0.375,1.5,1.5,10.7,0,0,0,1,0,0,81.6,107.8
Alex Abrines,Okc,SG,2,FrontCourt,24,19,15.2,31.7,12.2,0.086,11,0.818,23,0.478,47,0.319,0.508,4,1.4,5.3,0.4,3.5,0.53,0.05,0.37,3.4,104,97.1
Alex Caruso,Lal,SG,2,FrontCourt,23,2,9.5,19.8,8.8,0.5,0,0,2,0.5,0,0,0.5,1,1,5.5,2,26.7,0,0,1,5.3,83.2,111.3
Alex Len,Pho,C,5,BackCourt,24,20,23,47.9,16.3,0.142,83,0.759,120,0.483,0,0,0.572,9,9.4,21.1,0.9,5.3,0.3,0.9,1.3,7.4,117.4,102.4
Alex Poythress,Ind,SF,3,BackCourt,24,7,2.8,5.8,8.9,0.25,0,0,1,0,2,1,1,0.9,0.6,11.4,0,0,0,0,0.14,0,,
Al-Farouq Aminu,Por,SF,3,BackCourt,27,9,29.3,61,12.8,0.116,12,0.833,30,0.433,33,0.455,0.593,9,7.8,14.5,1.6,8,0.78,1.11,1,6.6,119.6,97.2
Alfonzo McKinnie,Tor,F,5,BackCourt,25,7,3.6,7.4,14.7,0.12,3,0.667,3,1,3,0.333,0.751,1.6,0.7,11.6,0.1,5.8,0,0.14,0.14,5.4,,
Allen Crabbe,Bro,SG,2,FrontCourt,25,18,27.3,56.9,18.3,0.087,35,0.829,72,0.431,111,0.396,0.562,12.4,4,7.6,1.4,7.9,0.67,0.28,1.06,6,109.4,107.3
Amir Johnson,Phi,PF,4,BackCourt,30,19,15.4,32.1,14.1,0.161,24,0.417,63,0.571,10,0.1,0.509,4.5,5.8,19.5,1.1,9.6,0.68,0.79,0.84,8,107.8,88.2
Andre Drummond,Det,C,5,BackCourt,24,20,33.1,69,20.9,0.215,92,0.63,208,0.548,0,0,0.575,14.3,15.2,26,3.7,16.7,1.5,1.15,3.4,11.2,112,93.6
Andre Iguodala,Gol,SF,3,BackCourt,34,20,26,54.1,10.4,0.111,32,0.656,61,0.59,37,0.297,0.562,6.3,3.6,7.6,2.9,13.4,0.55,0.6,0.7,6.2,123.3,107.6
Andre Roberson,Okc,SF,3,BackCourt,26,20,24.4,50.9,9.3,0.171,12,0.333,54,0.63,28,0.25,0.533,4.7,4.1,9.3,1.2,6.7,0.65,0.7,0.9,4.7,107.9,101.5
Andrew Bogut,Lal,C,5,BackCourt,33,14,8,16.6,8.6,0.435,0,0,13,0.615,0,0,0.615,1.1,3.1,20.2,0.6,10.5,0.14,0.71,0.71,6.3,95.2,90.3
Andrew Harrison,Mem,SG,2,FrontCourt,23,14,15.7,32.8,18.2,0.138,16,0.938,35,0.457,33,0.242,0.473,5.1,1.6,5.7,1.1,11.4,0.36,0.21,0.86,5.3,92.3,102.2
Andrew Wiggins,Min,SF,3,BackCourt,22,22,36.8,76.6,23.6,0.096,120,0.642,250,0.504,93,0.323,0.529,19,4.1,6.5,2,8.8,1.27,0.64,1.91,5.8,105,109
Ante Zizic,Cle,PF,4,BackCourt,21,8,3.5,7.3,17.6,0.179,5,0.6,7,0.429,0,0,0.489,1.1,0.9,14,0,0,0,0.5,0.25,0,,
Anthony Davis,Nor,PF,4,BackCourt,24,20,35.1,73,27.1,0.1,161,0.795,284,0.599,39,0.359,0.647,25.5,11,17.3,2.7,13.3,1.15,1.75,2.2,10.4,124.8,102.9
Anthony Tolliver,Det,PF,4,BackCourt,32,17,17.8,37.1,15.4,0.094,27,0.704,18,0.667,67,0.358,0.594,6.8,2.8,8.8,1.1,8.7,0.59,0.35,0.59,6.2,120.7,100.6
Antonio Blakeney,Chi,SG,2,FrontCourt,21,10,15.9,33.1,24.7,0.067,19,0.737,49,0.408,26,0.269,0.45,7.5,2,6.7,0.7,7.6,0.2,0,0.6,5.5,90.9,110.7
Antonius Cleveland,Dal,SG,2,FrontCourt,23,5,3.4,7.2,7.5,0,2,0.5,2,0.5,0,0,0.521,0.6,0.4,6.4,0.4,16.6,0.2,0,0,5.4,,
Aron Baynes,Bos,C,5,BackCourt,31,23,18,37.5,15.9,0.155,35,0.657,107,0.495,3,0,0.514,5.6,5.4,16.4,0.9,7.5,0.39,0.65,1,6.7,106.2,90.4
Arron Afflalo,Orl,SG,2,FrontCourt,32,16,11.3,23.6,10.2,0.141,8,0.625,16,0.313,17,0.294,0.411,1.9,1.6,7.5,0.6,6.4,0.06,0.19,0.38,4.3,82.5,106.8
Austin Rivers,Lac,SG,2,FrontCourt,25,20,33.6,69.9,20.4,0.118,51,0.667,145,0.4,110,0.382,0.497,13.8,2,3.3,3.4,15.7,1.6,0.1,1.85,5.4,101.7,106
Avery Bradley,Det,SG,2,FrontCourt,27,20,31.7,65.9,24.7,0.148,52,0.788,189,0.455,93,0.441,0.551,16.8,2.8,5,2,9.9,1.45,0.15,2.65,5.7,100.7,102.4
Bam Adebayo,Mia,PF,4,BackCourt,20,12,14.4,29.9,13.7,0.114,20,0.75,38,0.632,0,0,0.673,5.3,3.9,15,0.2,1.8,0.5,0.42,0.5,4.5,130.8,98.6
Ben McLemore,Mem,SG,2,FrontCourt,24,9,19.2,40,20.3,0.131,7,1,37,0.514,26,0.192,0.454,6.7,2.2,6.7,0.8,6.7,0.44,0.33,1.11,4.7,87.2,96.6
Ben Simmons,Phi,PG,1,FrontCourt,21,20,35.6,74.2,24.8,0.173,116,0.56,294,0.52,8,0,0.525,18.6,9.4,13.6,7.2,32.3,2.25,0.8,3.7,12.1,105.5,99.5
Bismack Biyombo,Orl,C,5,BackCourt,25,22,15.7,32.7,14.7,0.214,40,0.55,73,0.493,1,0,0.513,4.3,4.5,15.6,0.3,2.8,0.14,1.32,1.14,4.6,95.1,99.2
Blake Griffin,Lac,PF,4,BackCourt,28,19,35.8,74.6,30.1,0.121,137,0.781,237,0.46,116,0.353,0.542,23.6,7.9,12.3,5.1,24.6,0.95,0.32,3,11,110,104.4
Boban Marjanovic,Det,C,5,BackCourt,29,3,6.2,12.9,35.4,0.199,7,0.714,9,0.556,0,0,0.621,5,1.7,15.3,0.3,9.4,0.33,0.33,1,8.8,109.5,60.7
Bobby Brown,Hou,PG,1,FrontCourt,33,15,6.7,13.9,24.6,0.141,2,0.5,15,0.333,33,0.273,0.389,2.5,0.5,3.9,0.6,13.4,0.2,0,0.53,5.4,77.1,103.6
Bobby Portis,Chi,PF,4,BackCourt,22,12,22,45.9,25,0.119,29,0.793,83,0.506,37,0.351,0.55,12.2,6.8,16.4,1.8,14.7,0.25,0.42,1.5,9.6,107,107.5
Bogdan Bogdanovic,Sac,SG,2,FrontCourt,25,18,23.4,48.7,19.6,0.147,20,0.9,93,0.516,55,0.327,0.536,9.3,2.1,5.2,1.9,13.2,1,0.39,1.5,5.7,99.2,108.8
Bojan Bogdanovic,Ind,SF,3,BackCourt,28,22,30.9,64.5,18.4,0.091,45,0.822,129,0.574,111,0.45,0.645,15.2,3.1,5.7,1.1,5.4,0.64,0.05,1.18,4.8,118.6,108.6
Bradley Beal,Was,SG,2,FrontCourt,24,21,34.7,72.4,28.8,0.115,120,0.817,246,0.5,126,0.381,0.574,23.2,4.5,7.2,3.5,17.3,1.19,0.52,2.62,8.2,110.4,104.8
Brandan Wright,Mem,PF,4,BackCourt,30,15,14.8,30.7,15.6,0.04,23,0.652,62,0.565,0,0,0.589,5.7,3.7,14.3,0.3,3.8,0.53,1.13,0.2,5,126.5,101.5
Brandon Ingram,Lal,SF,3,BackCourt,20,21,33.8,70.3,21.4,0.14,106,0.66,233,0.485,33,0.333,0.526,15.7,5.3,8.3,2.9,12.9,0.9,0.86,2.43,7.4,99.8,99.2
Brandon Paul,San,SG,2,FrontCourt,26,21,11.6,24.2,13.7,0.201,13,0.538,24,0.625,30,0.4,0.611,3.5,1.2,5.7,0.9,11.3,0.67,0.1,0.71,5.4,104,95.9
Briante Weber,Hou,PG,1,FrontCourt,25,3,4,8.4,3.6,1,0,0,0,0,0,0,,0,0.7,9.3,0.3,10.2,0.33,0,0.33,0,,
Brice Johnson,Lac,F,5,BackCourt,23,6,3.9,8.1,18.5,0.202,2,1,7,0.714,0,0,0.761,2,1.3,19.2,0.2,7.4,0.17,0.17,0.33,8.2,,
Brook Lopez,Lal,C,5,BackCourt,29,21,23.3,48.4,25.1,0.112,57,0.807,153,0.523,83,0.301,0.538,13.4,4.5,10.1,1.7,11.8,0.43,1.71,1.57,8,104.3,96.1
Bruno Caboclo,Tor,SF,3,BackCourt,22,2,3.4,7,13.2,0,0,0,0,0,2,0,0,0,0.5,8.7,0.5,17.5,0.5,0,0,0,,
Bryn Forbes,San,SG,2,FrontCourt,24,21,15.4,32,17.7,0.063,11,0.545,61,0.475,54,0.426,0.555,6.3,1.2,4.5,0.7,7.3,0.24,0.05,0.38,4.5,110.1,101.5
Buddy Hield,Sac,SG,2,FrontCourt,24,19,22.6,47,24.6,0.111,21,0.857,121,0.438,79,0.443,0.547,12.1,3.8,9.6,1.5,12,1.11,0.16,1.37,7.3,103.5,104.8
C.J. Williams,Lac,SG,2,FrontCourt,27,8,7.6,15.8,12.8,0.112,2,0.5,9,0.667,6,0.167,0.504,2,1,7.3,0.8,14.5,0.13,0,0.25,6.2,104.9,108.9
Caleb Swanigan,Por,PF,4,BackCourt,20,13,9.8,20.5,19.3,0.194,13,0.615,35,0.371,5,0.2,0.405,2.8,2.8,15.3,0.7,10.6,0.31,0.23,0.85,7.2,85,83.6
Caris LeVert,Bro,SG,2,FrontCourt,23,21,25.8,53.8,20.8,0.161,52,0.596,134,0.485,72,0.278,0.483,10.5,3.9,7.8,3.2,18.5,1.29,0.38,2.1,7.9,93.6,103.3
Carmelo Anthony,Okc,SF,3,BackCourt,33,19,32.5,67.6,26.9,0.083,77,0.805,193,0.451,125,0.368,0.531,19.7,6.2,10.8,1.6,8.6,0.89,0.74,1.68,7.1,106.1,97.3
Cedi Osman,Cle,SF,3,BackCourt,22,14,5.3,10.9,12.5,0.144,2,1,10,0.6,7,0.429,0.643,1.6,1.4,14.5,0.2,5.8,0.14,0.07,0.21,5.8,118.7,97.9
Chandler Parsons,Mem,SF,3,BackCourt,29,17,20,41.6,17.2,0.118,14,0.571,48,0.563,58,0.483,0.651,8.6,2.7,7.8,2,17.2,0.53,0.24,0.88,7.2,120.2,102.4
Channing Frye,Cle,C,5,BackCourt,34,20,11.9,24.7,14.3,0.091,5,1,30,0.7,38,0.368,0.634,4.5,2.6,12.1,0.7,8,0.35,0.2,0.35,6.8,121.6,98
Charles Cooke,Nor,SG,2,FrontCourt,23,2,2.6,5.3,34,0,0,0,2,0.5,2,0,0.25,1,0,0,0.5,30.4,0.5,0,0,0,,
Cheick Diallo,Nor,PF,4,BackCourt,21,14,7.8,16.3,16.5,0.168,6,0.5,32,0.563,0,0,0.563,2.8,2.4,16.7,0.2,4.1,0,0.07,0.5,5.7,101.1,91.6
Chris McCullough,Was,PF,4,BackCourt,22,4,8.5,17.6,20.3,0,6,0.667,10,0.5,3,0.333,0.543,4.3,1.8,11.5,0.3,4.7,0,0.5,0,6.2,120.8,91.8
Chris Paul,Hou,PG,1,FrontCourt,32,7,28.1,58.6,17.5,0.113,13,0.846,32,0.438,33,0.394,0.551,11.1,4.3,8.5,10.3,54.3,1.86,0.29,1.29,11.2,136.6,97.8
CJ McCollum,Por,SG,2,FrontCourt,26,21,36.5,76.1,24.9,0.1,65,0.877,243,0.44,123,0.472,0.564,21.2,4.3,6.5,2.6,12.8,1.05,0.38,2.1,6.8,110.2,98.9
CJ Miles,Tor,SF,3,BackCourt,30,17,19.1,39.9,21.9,0.068,20,0.9,33,0.455,108,0.398,0.591,10.4,2,6.1,0.6,5,0.59,0.47,0.65,4.9,113.9,100.3
Clint Capela,Hou,C,5,BackCourt,23,21,25.9,53.9,19.6,0.138,62,0.645,184,0.674,1,0,0.678,13.7,11.3,24.5,1.3,8.9,0.76,1.71,1.62,9.1,129.3,92.4
Cody Zeller,Cha,PF,4,BackCourt,25,16,19.5,40.7,16.4,0.144,50,0.68,78,0.487,1,1,0.559,7.1,5.6,15.1,0.8,6.3,0.38,1,1.06,6.5,114.4,94.1
Cole Aldrich,Min,C,5,BackCourt,29,5,2,4.3,12.3,0,2,0.5,2,0,0,0,0.174,0.2,0.2,5.6,0.2,11.9,0.2,0,0,4,,
Corey Brewer,Lal,SF,3,BackCourt,31,21,12.5,26.1,11.6,0.165,18,0.667,37,0.568,16,0.188,0.517,3,1.4,6,0.8,8.6,0.86,0.19,0.57,4.8,98.2,96.4
Cory Joseph,Ind,SG,2,FrontCourt,26,22,24.5,51.1,14.9,0.137,25,0.88,93,0.387,54,0.463,0.535,7.7,2.5,5.8,3,16.3,1.09,0.27,1.14,6.3,107.5,106
Courtney Lee,Nyk,SG,2,FrontCourt,32,21,32.7,68.1,15.5,0.103,38,0.921,127,0.488,75,0.467,0.604,12.6,3.8,6.6,3,13.3,1.43,0.14,1.19,6.4,120.9,107.3
Cristiano Felicio,Chi,C,5,BackCourt,25,18,15.4,32.1,11.1,0.214,14,0.571,49,0.571,0,0,0.58,3.6,3.2,10.9,0.7,7.2,0.22,0.22,0.83,5.2,107.2,98.8
D.J. Augustin,Orl,PG,1,FrontCourt,30,15,20.1,41.9,17.1,0.194,36,0.806,45,0.556,35,0.429,0.647,8.3,1.7,4.7,3.9,27.7,0.8,0,1.53,7.6,120.4,107.6
D.J. Wilson,Mil,PF,4,BackCourt,21,9,3.9,8.1,13.2,0.1,0,0,6,0.667,3,0,0.444,0.9,0.6,8.5,0.1,4.1,0,0,0.11,3.9,,
Dakari Johnson,Okc,C,5,BackCourt,22,11,6.9,14.4,16.1,0.071,12,0.583,21,0.476,0,0,0.514,2.5,1.2,9.6,0.5,10.1,0.27,0.36,0.18,6.6,116.7,86
Damian Lillard,Por,PG,1,FrontCourt,27,22,36.5,76.1,30.2,0.12,165,0.921,250,0.48,167,0.329,0.569,25.3,5,7.5,6.1,30.2,1,0.55,3.05,10.1,115.7,101.6
Damien Wilkins,Ind,SG,2,FrontCourt,38,12,6.5,13.4,11.3,0.2,0,0,10,0.8,6,0,0.5,1.3,0.8,6.5,0.5,10.2,0.17,0,0.33,4.9,99.7,109.2
Damyean Dotson,Nyk,SG,2,FrontCourt,23,13,6.7,14,16.7,0.09,1,1,18,0.556,12,0.333,0.542,2.5,1.1,9.1,0.4,8.5,0,0,0.23,6.2,108.2,107.2
D'Angelo Russell,Bro,PG,1,FrontCourt,21,12,27.7,57.8,34.9,0.171,63,0.683,145,0.531,60,0.3,0.539,20.9,4.7,8.7,5.7,38,1,0.17,4,11.9,100.5,103.5
Daniel Hamilton,Okc,SG,2,FrontCourt,22,1,3.6,7.5,12,0,0,0,1,0,0,0,0,0,0,0,0,0,0,0,0,0,,
Daniel Theis,Bos,PF,4,BackCourt,25,21,12.5,26.1,16.6,0.263,22,0.773,52,0.615,11,0.273,0.619,4.3,4.1,18.1,0.4,4.8,0.38,0.81,1.24,6.1,103.8,80.8
Danilo Gallinari,Lac,SF,3,BackCourt,29,9,31.9,66.6,19.8,0.092,27,0.963,57,0.439,50,0.26,0.484,12.8,4.6,7.9,3,14.2,0.67,0.22,1.33,7,103.3,108.2
Danny Green,San,SG,2,FrontCourt,30,20,29,60.5,17.1,0.135,14,0.714,90,0.456,96,0.385,0.528,10.2,4.1,7.8,2.1,10.9,1.1,1.05,1.5,6.1,99.9,102.6
Dante Cunningham,Nor,SF,3,BackCourt,30,21,23.5,49,10.4,0.05,16,0.563,45,0.533,61,0.279,0.478,5.1,3.6,8.4,0.7,3.7,0.57,0.24,0.29,4,103.7,104.1
Dario Saric,Phi,PF,4,BackCourt,23,21,28.2,58.8,18.1,0.12,35,0.8,118,0.458,95,0.347,0.514,11.2,6.4,11.7,1.8,9.2,0.48,0.43,1.48,7.2,105,103.3
Darius Miller,Nor,SF,3,BackCourt,27,21,17.5,36.5,14.1,0.1,13,0.846,22,0.5,80,0.488,0.696,7.1,1.6,5.1,0.9,6.9,0.33,0.1,0.57,5,124.1,104
Darrell Arthur,Den,PF,4,BackCourt,29,2,9.6,19.9,15.7,0.143,0,0,2,0.5,4,0,0.167,1,1.5,8.7,0.5,6.8,0.5,0,0.5,3.8,50,100
Darren Collison,Ind,PG,1,FrontCourt,30,22,31.9,66.4,16.7,0.128,56,0.875,141,0.504,67,0.373,0.572,12.1,3,5.4,6.5,28.1,1.23,0.14,1.55,7.7,121.3,107.1
Darrun Hilliard,San,SG,2,FrontCourt,24,3,8.5,17.7,14,0.375,0,0,3,0.333,2,0,0.2,0.7,0.7,4.4,0.3,5.2,0.33,0,1,2.5,32.4,91.1
David Nwaba,Chi,PG,1,FrontCourt,25,8,21.1,43.9,13,0.08,18,0.722,33,0.545,5,0.4,0.599,6.9,5.5,13.8,1,7.6,0.75,0.75,0.5,6.4,118.3,101.6
David West,Gol,PF,4,BackCourt,37,20,11.9,24.8,20.9,0.182,17,0.765,81,0.679,6,0.5,0.699,6.6,3.3,15,1.5,19,0.6,1.15,1.05,10.7,122.8,95.3
Davis Bertans,San,PF,4,BackCourt,25,17,6.3,13.2,17.2,0.12,8,0.75,5,0.6,28,0.393,0.616,2.6,0.8,7.2,0.4,9.7,0.12,0.12,0.29,6,113.5,97.1
De'Aaron Fox,Sac,PG,1,FrontCourt,20,21,26.3,54.7,23.3,0.16,45,0.711,192,0.411,29,0.276,0.444,10.2,3,6.6,4.4,27.2,0.9,0.1,2.19,7.8,90.6,106.4
DeAndre' Bembry,Atl,SF,3,BackCourt,23,7,14,29.1,19.2,0.281,6,0.5,22,0.409,6,0.167,0.392,3.4,2.3,9.3,1.3,13.1,0.71,0.57,1.71,6.2,67.2,103.4
DeAndre Jordan,Lac,C,5,BackCourt,29,20,32.3,67.3,12.7,0.202,53,0.604,127,0.654,0,0,0.659,9.9,13.8,23.8,1,4.4,0.55,1.05,1.9,6.4,123.1,100.1
DeAndre Liggins,Mil,SG,2,FrontCourt,29,17,16,33.4,9.8,0.189,5,0.4,17,0.353,28,0.357,0.466,2.6,1.2,4.3,0.7,5.8,0.88,0.47,0.65,3.2,84,101
Dejounte Murray,San,PG,1,FrontCourt,21,21,19.6,40.9,20.5,0.18,44,0.75,128,0.414,8,0.375,0.476,7,4.5,12.8,2.6,19.7,0.86,0.24,1.62,8.9,97.4,97.2
Delon Wright,Tor,PG,1,FrontCourt,25,14,20.9,43.5,15.8,0.24,32,0.938,37,0.703,28,0.286,0.67,7.6,2.4,6.8,2.6,17.2,0.93,0.36,1.79,6.9,116.2,103.3
DeMar DeRozan,Tor,SG,2,FrontCourt,28,20,34.3,71.4,30,0.119,141,0.809,291,0.522,56,0.286,0.57,23.3,4.3,7.3,4.7,22.5,1.25,0.15,2.75,9.1,112.7,105.2
DeMarcus Cousins,Nor,C,5,BackCourt,27,21,35.5,74,33.2,0.191,154,0.76,251,0.542,143,0.322,0.571,25.1,12.5,19.4,5.4,25.3,1.62,1.57,5.19,13.4,102.8,96
DeMarre Carroll,Bro,SF,3,BackCourt,31,19,29.7,61.8,19,0.1,81,0.753,102,0.48,96,0.385,0.578,14.2,6.8,12,1.6,7.9,1.11,0.42,1.37,7.2,114.9,103
Demetrius Jackson,Hou,PG,1,FrontCourt,23,11,5.5,11.5,17.1,0.417,0,0,8,0.5,6,0,0.286,0.7,1,10.1,0.5,11,0.36,0.09,0.91,5.1,55.8,95.2
Dennis Schroder,Atl,PG,1,FrontCourt,24,19,32.2,67,29.8,0.14,67,0.881,260,0.488,67,0.343,0.536,20.1,2.8,4.9,6.7,37,1.16,0,3.05,9,106.6,111.2
Dennis Smith Jr.,Dal,PG,1,FrontCourt,20,20,28.4,59.1,29.7,0.165,42,0.69,194,0.433,101,0.297,0.458,14.4,3.9,7.4,4.3,27.2,0.85,0.3,3.1,8.8,87.9,105.1
Denzel Valentine,Chi,SG,2,FrontCourt,24,20,29.3,61,16.6,0.091,4,0.75,88,0.341,111,0.414,0.501,10.1,5.4,9.7,3.2,17.7,0.95,0.1,1,7.6,103.7,105.9
Derrick Favors,Uta,PF,4,BackCourt,26,22,27.9,58.1,20.2,0.127,58,0.741,199,0.583,15,0.267,0.599,13,6.5,13.5,1.7,10.7,0.77,1,1.59,7.5,116.1,99.9
Derrick Jones Jr.,Pho,SF,3,BackCourt,20,6,5.5,11.5,9.5,0.131,6,0.833,2,1,2,0,0.678,1.5,0.7,6.2,0.5,12,0.17,0.67,0.17,5.9,140.6,110.9
Derrick Rose,Cle,PG,1,FrontCourt,29,7,26.8,55.8,26.1,0.171,21,0.905,70,0.514,13,0.231,0.542,14.3,2.6,5.4,1.7,10.3,0.29,0.14,2.71,5.9,97.4,110.3
Derrick Walton Jr.,Mia,PG,1,FrontCourt,22,4,3,6.1,14.8,0,2,1,2,0,1,0,0.258,0.5,0.5,9.3,0,0,0.25,0.25,0,0,,
Derrick White,San,PG,1,FrontCourt,23,4,5.2,10.7,8.2,0,4,0.25,2,0,0,0,0.133,0.3,1.5,16.2,0.5,12.1,0.25,0.25,0,4.7,81.3,99.3
Devin Booker,Pho,SG,2,FrontCourt,21,22,33.4,69.5,28.9,0.139,115,0.87,253,0.486,141,0.376,0.568,23,4.4,6.7,4,20.7,0.86,0.27,3.27,8.9,106.8,107.3
Devin Harris,Dal,PG,1,FrontCourt,34,16,18.3,38.1,22,0.104,38,0.789,68,0.485,44,0.318,0.536,8.6,2.3,6.7,1.9,17.1,0.81,0.06,0.94,7.3,106.5,93.1
Dewayne Dedmon,Atl,C,5,BackCourt,28,20,24.3,50.7,18.3,0.173,32,0.719,124,0.629,29,0.483,0.661,11.1,7.8,18.1,1.4,9.3,0.4,0.85,1.75,8.1,116.7,99.1
Deyonta Davis,Mem,C,5,BackCourt,21,8,11.5,23.9,12.3,0.122,6,0.667,19,0.632,0,0,0.647,3.5,3.1,15.7,0.4,5.3,0.25,0.75,0.38,5.7,122.7,91.1
Dillon Brooks,Mem,SF,3,BackCourt,22,20,29.7,61.8,15,0.165,29,0.724,98,0.531,51,0.314,0.535,8.7,3.7,7.1,1.3,6.7,1.05,0.55,1.6,4.7,96.5,98.6
Dion Waiters,Mia,SG,2,FrontCourt,26,19,31.4,65.5,26.6,0.147,35,0.771,165,0.461,121,0.314,0.486,15.4,2.7,4.8,3.8,20.9,0.84,0.26,2.74,6.9,92.5,104.9
Dirk Nowitzki,Dal,PF,4,BackCourt,39,22,24.9,51.8,19.7,0.083,22,0.864,135,0.489,76,0.395,0.546,11,5.9,12.9,1.8,12.5,0.5,0.32,0.91,7.9,106.5,102
Domantas Sabonis,Ind,PF,4,BackCourt,21,20,25.4,53,21.2,0.167,82,0.768,158,0.563,11,0.455,0.624,12.8,8.8,19.3,2.4,13.6,0.3,0.35,2.05,10.2,119.5,97.8
Donovan Mitchell,Uta,SG,2,FrontCourt,21,22,28.6,59.7,27.7,0.127,50,0.82,184,0.418,132,0.356,0.497,15.3,3.1,6.2,3.2,19.4,1.36,0.5,2.23,7.5,96.8,97.4
Dorian Finney-Smith,Dal,PF,4,BackCourt,24,8,11.7,24.4,14.3,0.234,2,0.5,8,0.625,14,0.357,0.568,3.3,1.3,5.8,0.6,8.2,0,0.13,0.88,4.7,96.2,100.3
Doug McDermott,Nyk,SF,3,BackCourt,26,21,22.9,47.6,14.3,0.095,14,0.786,80,0.538,56,0.411,0.584,7.9,3,7.3,1,6.3,0.14,0.29,0.71,5,115.4,106.3
Dragan Bender,Pho,PF,4,BackCourt,20,23,21.4,44.5,12.3,0.177,16,0.75,40,0.425,74,0.365,0.525,5.5,3.7,8.9,1,6.4,0.35,0.57,1.13,5.1,95.5,107.8
Draymond Green,Gol,PF,4,BackCourt,27,21,31.5,65.7,16,0.239,58,0.759,86,0.558,76,0.329,0.573,10.2,7.4,12.9,6.9,27.3,1.38,1.29,2.81,10.2,113,98.2
Dwayne Bacon,Cha,SG,2,FrontCourt,22,20,19.1,39.7,13.2,0.112,11,0.727,69,0.377,29,0.345,0.438,4.5,3.8,10.4,1,7.2,0.3,0.1,0.65,5.4,87.2,99.9
Dwight Howard,Cha,C,5,BackCourt,32,20,29.7,61.9,25.1,0.204,167,0.473,199,0.583,1,0,0.569,15.6,12.7,22.7,1.3,7.2,0.55,1.15,3.5,8.6,101.2,94.5
Dwight Powell,Dal,C,5,BackCourt,26,21,17.2,35.9,15.3,0.105,27,0.593,66,0.606,33,0.242,0.541,5.7,4.7,14.8,1,8.8,0.86,0.43,0.62,7,111,97.2
Dwyane Wade,Cle,SG,2,FrontCourt,36,21,23.5,48.9,24.8,0.155,59,0.729,183,0.448,26,0.346,0.498,11.1,3.9,9.2,3.9,25.8,1,0.9,2.05,9.4,100.9,102.9
Ed Davis,Por,PF,4,BackCourt,28,22,18.1,37.6,13.3,0.181,38,0.684,83,0.47,0,0,0.521,4.7,7.5,22.5,0.4,3.4,0.5,0.77,1,5.3,109.7,88.3
Ekpe Udoh,Uta,PF,4,BackCourt,30,22,15.2,31.6,8.4,0.162,20,0.8,43,0.465,0,0,0.541,2.5,2.4,9,1.3,11.7,0.64,1.45,0.45,5.2,124.6,93.9
Elfrid Payton,Orl,PG,1,FrontCourt,23,13,26.2,54.6,21.5,0.22,28,0.5,99,0.525,20,0.4,0.541,10.9,3.8,7.8,6.7,38.6,1.54,0.38,2.85,10,106.2,105.8
Emmanuel Mudiay,Den,PG,1,FrontCourt,21,21,22.2,46.3,23.9,0.188,62,0.774,128,0.398,57,0.386,0.509,10.3,2.9,7.3,3.3,22.5,0.52,0.14,2.33,8.3,99,105.9
Enes Kanter,Nyk,C,5,BackCourt,25,18,26.1,54.4,20.1,0.143,41,0.902,167,0.647,1,0,0.68,14.1,10.4,22.5,1.3,8.5,0.67,0.5,1.72,8.8,128.4,97
Eric Bledsoe,Pho,PG,1,FrontCourt,28,3,27.6,57.5,27.9,0.178,14,0.786,27,0.444,13,0.308,0.509,15.7,2.3,4.4,3,17.4,1.33,0.67,3.33,6.9,94.4,109.3
Eric Bledsoe,Mil,PG,1,FrontCourt,28,10,30.2,62.9,28.5,0.15,48,0.708,96,0.521,42,0.262,0.525,16.7,4,7.8,5,27.2,2.1,0.8,2.8,9.2,101.7,102.4
Eric Gordon,Hou,SG,2,FrontCourt,29,19,31.6,65.8,27.2,0.127,92,0.837,99,0.545,190,0.316,0.554,19.2,2.1,3.7,2.7,14,0.68,0.32,2.53,6,105.1,103.3
Eric Moreland,Det,PF,4,BackCourt,26,17,10.6,22.1,7,0.313,4,0.5,18,0.5,0,0,0.506,1.2,3.2,17.3,0.9,10.5,0.24,0.76,0.53,5.7,112,87.3
Ersan Ilyasova,Atl,PF,4,BackCourt,30,10,20.5,42.7,15.1,0.043,8,0.875,32,0.438,32,0.281,0.459,6.2,4.5,12.5,0.7,4.9,1.2,0.2,0.3,5.3,100.4,99.3
E'Twaun Moore,Nor,SG,2,FrontCourt,28,21,30.3,63.2,15.4,0.093,13,0.615,125,0.576,75,0.373,0.574,11.2,2.5,4.5,2,9.6,1.05,0.14,1,5.1,110.9,106.1
Evan Fournier,Orl,SG,2,FrontCourt,25,22,32,66.7,23.1,0.115,64,0.891,182,0.511,121,0.405,0.589,17.7,3.3,5.6,3,14.9,1.05,0.27,1.95,7,110.7,108.6
Evan Turner,Por,SG,2,FrontCourt,29,22,26.4,55,17.1,0.162,38,0.868,135,0.444,39,0.205,0.464,8,4,8.3,2.3,13.4,0.73,0.45,1.68,6.3,92.2,96.2
Frank Kaminsky,Cha,C,5,BackCourt,24,19,24.6,51.2,20.2,0.083,41,0.805,113,0.478,68,0.338,0.528,11.1,4,8.6,1.6,10.4,0.32,0.21,0.95,6.7,106.4,104.8
Frank Mason,Sac,PG,1,FrontCourt,23,14,17.2,35.8,23,0.178,26,0.769,72,0.403,18,0.5,0.518,7.5,1.8,5.9,3.2,30.6,0.29,0,1.57,8.2,101.6,112.3
Frank Ntilikina,Nyk,PG,1,FrontCourt,19,18,19,39.6,18,0.255,14,0.643,67,0.388,32,0.25,0.404,4.7,1.8,5.3,3.3,24,1.39,0.17,2,6.4,82.3,95.2
Fred VanVleet,Tor,PG,1,FrontCourt,23,20,15.8,33,18.8,0.127,19,0.842,63,0.413,46,0.348,0.494,5.8,1.6,5.7,2.8,24.5,0.8,0.2,0.85,7.5,107,101.4
Furkan Korkmaz,Phi,SG,2,FrontCourt,20,5,2.4,5.1,23.4,0,2,1,2,0.5,4,0,0.291,0.8,0.6,12.7,0.2,10.8,0.2,0,0,7.6,,
Garrett Temple,Sac,SG,2,FrontCourt,31,20,25.2,52.6,16.2,0.137,27,0.778,71,0.366,74,0.405,0.52,8.2,2.3,5.1,1.6,9.3,1.05,0.5,1.25,4.9,97.3,107
Gary Harris,Den,SG,2,FrontCourt,23,19,32.8,68.3,17.9,0.127,25,0.76,108,0.546,108,0.435,0.612,14.6,2.7,4.6,2.5,11.8,1.84,0.47,1.74,5.6,115.4,105.4
Gary Payton II,Mil,PG,1,FrontCourt,25,7,6.4,13.3,17.5,0.118,0,0,9,0.556,6,0.167,0.433,1.9,0.9,7.9,0.6,13.2,0.14,0,0.29,6.3,88.9,91.1
George Hill,Sac,PG,1,FrontCourt,31,19,26,54.1,16.5,0.133,32,0.75,96,0.427,47,0.468,0.547,9.1,3,6.6,2.4,14.2,0.79,0.21,1.26,6.2,105.6,108.9
Georgios Papagiannis,Sac,C,5,BackCourt,20,4,6.3,13.2,14.2,0.125,0,0,7,0.714,0,0,0.714,2.5,1.3,11.3,0.3,6.9,0.25,0.25,0.25,6.3,125.5,109.9
Gian Clavell,Dal,SG,2,FrontCourt,24,7,9.1,18.9,14.7,0.096,2,1,3,0,15,0.4,0.53,2.9,1,6,0.4,7.1,0.29,0,0.29,4.6,102.5,98.5
Giannis Antetokounmpo,Mil,PF,4,BackCourt,23,19,37.2,77.5,33.1,0.104,165,0.758,351,0.573,33,0.273,0.607,29.2,10.1,16,4.5,23.3,1.74,1.79,2.79,11.8,117.8,98.3
Goran Dragic,Mia,PG,1,FrontCourt,31,21,32.7,68.2,25,0.125,81,0.802,203,0.488,96,0.396,0.563,18,4,6.7,4.5,24.3,0.86,0.1,2.29,8.4,109.9,104.4
Gordon Hayward,Bos,SF,3,BackCourt,27,1,5.3,11,16.7,0,0,0,1,1,1,0,0.5,2,1,10.3,0,0,0,0,0,0,99.3,83.9
Gorgui Dieng,Min,PF,4,BackCourt,28,19,16.4,34.1,18,0.133,39,0.744,74,0.541,20,0.25,0.558,6.5,4.6,16.1,1.2,10.4,0.58,0.11,0.89,8,115.2,98
Greg Monroe,Mil,C,5,BackCourt,27,5,15.9,33.1,23.6,0.147,4,0.5,33,0.485,0,0,0.489,6.8,5,18.6,1,10.3,0,0,1.2,8.1,93.9,101.8
Greg Monroe,Pho,C,5,BackCourt,27,7,21.4,44.6,21.2,0.181,8,0.75,60,0.617,0,0,0.63,11.4,7,16.8,2.1,17.5,0.71,0.43,2,10.3,114.7,103.8
Guerschon Yabusele,Bos,PF,4,BackCourt,22,7,4.6,9.5,22.1,0.189,2,1,5,0.6,7,0.286,0.543,2,1.6,18.9,0.1,5.1,0,0.14,0.43,5.9,,
Harrison Barnes,Dal,SF,3,BackCourt,25,22,35.4,73.8,24.6,0.103,111,0.829,251,0.478,84,0.321,0.538,18.8,7.4,11.4,2,9.7,0.73,0.14,2,7.4,103.8,106.3
Hassan Whiteside,Mia,C,5,BackCourt,28,15,26.8,55.9,22.9,0.112,52,0.692,158,0.576,2,1,0.612,14.9,12.7,26.2,0.4,2.8,1,1.6,1.53,6.3,115.9,94.4
Henry Ellenson,Det,PF,4,BackCourt,21,7,11.5,23.9,24.2,0.135,1,1,19,0.421,19,0.368,0.494,5.4,3,14.8,0.7,9.5,0.43,0,0.86,7.8,91.9,98
Ian Clark,Nor,SG,2,FrontCourt,26,18,15.7,32.7,17,0.127,12,0.667,43,0.419,48,0.313,0.462,4.9,1.5,5.3,1.6,13.7,0.39,0,0.78,5.8,92.4,105
Ian Mahinmi,Was,C,5,BackCourt,31,21,14.3,29.8,13,0.28,28,0.714,52,0.442,0,0,0.513,3.1,3.7,14.3,0.6,5.4,0.38,0.43,1.19,5.3,98.4,86.5
Ike Anigbogu,Ind,C,5,BackCourt,19,6,2.9,6,20.1,0.254,2,1,5,0.2,0,0,0.34,0.7,0.7,13,0,0,0.17,0.17,0.33,0,,
Iman Shumpert,Cle,SG,2,FrontCourt,27,13,20.8,43.4,13.1,0.211,15,0.733,32,0.469,25,0.28,0.487,4.8,3.1,8.3,1.3,8.4,0.69,0.31,1.31,5.2,91,105.5
Isaiah Canaan,Hou,SG,2,FrontCourt,26,1,4,8.3,10.8,0,0,0,1,0,0,0,0,0,1,14,0,0,0,0,0,0,,
Isaiah Taylor,Atl,PG,1,FrontCourt,23,14,16,33.4,17.8,0.177,24,0.667,48,0.479,16,0.375,0.536,5.7,1.1,4.1,2.2,20.4,0.5,0.29,1.14,6,102,109.7
Isaiah Whitehead,Bro,PG,1,FrontCourt,22,7,12.7,26.4,29.6,0.252,10,0.6,35,0.514,8,0.25,0.506,6.9,1.6,6.5,1.9,24.5,0.71,0.29,2.29,8.7,83.4,97.2
Ish Smith,Det,PG,1,FrontCourt,29,20,19.7,41.1,22.7,0.117,22,0.727,154,0.539,17,0.235,0.537,9.7,2.3,6.5,4.1,33.5,0.35,0.25,1.2,9.1,113.1,101.6
Ivan Rabb,Mem,PF,4,BackCourt,20,1,1.2,2.5,0,,0,0,0,0,0,0,,0,0,0,0,0,0,0,0,0,,
Ivica Zubac,Lal,C,5,BackCourt,20,5,2.3,4.8,25.2,0.286,0,0,5,0.4,0,0,0.4,0.8,0.8,18.1,0,0,0,0,0.4,0,,
J.J. Barea,Dal,PG,1,FrontCourt,33,22,22.2,46.2,26.7,0.155,39,0.769,117,0.462,111,0.378,0.538,12,3,7.3,5,40.2,0.5,0.05,2.05,10.2,105.3,105
Jabari Bird,Bos,SG,2,FrontCourt,23,2,8.2,17,8.7,0,5,0.6,0,0,1,0,0.469,1.5,0.5,3.4,0,0,0,0,0,0,105.8,100.8
Jack Cooley,Sac,F,5,BackCourt,26,1,1.6,3.3,52.7,0,2,1,1,0,0,0,0.532,2,1,35.7,1,81.2,0,0,0,31.5,,
Jacob Pullen,Phi,PG,1,FrontCourt,28,2,1.2,2.5,17.3,0,0,0,0,0,1,0,0,0,0,0,0,0,0,0,0,0,,
Jacob Wiley,Bro,SF,3,BackCourt,23,4,8.1,16.8,6.2,0,2,0.5,2,0,2,0.5,0.41,1,2.8,17.7,0.5,7.8,0.25,0,0,5.5,119.7,97
Jae Crowder,Cle,SF,3,BackCourt,27,22,26,54.1,15.6,0.114,49,0.878,79,0.456,79,0.329,0.537,8.8,3.3,7.2,1,5.6,0.64,0.05,1.05,4.7,106.3,105.3
Jahlil Okafor,Phi,C,5,BackCourt,22,2,12.7,26.4,22.5,0.218,4,0.5,9,0.444,0,0,0.465,5,4.5,18.4,0.5,5.8,0,1,1.5,7.1,88.6,81.1
JaKarr Sampson,Sac,SF,3,BackCourt,24,2,6.4,13.2,17.2,0,2,1,3,0.667,1,0,0.615,3,2.5,22.5,0.5,12.9,0,0,0,9.7,146.7,77.6
Jake Layman,Por,SF,3,BackCourt,23,10,4.8,9.9,14.6,0,0,0,10,0.4,6,0.333,0.438,1.4,0.5,5.7,0.2,6.5,0.3,0.2,0,4.3,,
Jakob Poeltl,Tor,C,5,BackCourt,22,20,14.9,31,17.1,0.157,25,0.44,86,0.674,0,0,0.655,6.4,4.3,16.6,0.4,4.1,0.4,0.95,0.9,6,122.8,94.4
Jalen Jones,Nor,SF,3,BackCourt,24,3,3.4,7.1,16.5,0,2,1,2,0,1,1,0.644,1.7,0.7,10.8,0,0,0,0,0,0,,
Jamal Crawford,Min,SG,2,FrontCourt,37,22,17.4,36.2,24.6,0.139,42,0.929,97,0.454,70,0.357,0.545,9.2,1.1,3.6,2,17.8,0.64,0.05,1.36,6.3,105.5,108.3
Jamal Murray,Den,SG,2,FrontCourt,20,21,27,56.2,23.9,0.142,50,0.92,155,0.529,95,0.253,0.518,13.4,3,6.1,2.3,13.6,0.71,0.19,2.14,6.7,102.3,105.5
Jameer Nelson,Nor,PG,1,FrontCourt,35,19,25.6,53.4,12.4,0.229,15,0.8,50,0.5,51,0.392,0.567,6.4,2.5,5.3,4.6,23.8,0.95,0.11,1.68,6.5,108.7,106.5
James Ennis III,Mem,SF,3,BackCourt,27,19,25.9,53.9,11.6,0.121,31,0.903,59,0.627,36,0.306,0.621,7.1,3.9,8.7,1.3,7.5,0.63,0.21,0.79,5.1,122.6,103.8
James Harden,Hou,PG,1,FrontCourt,28,21,35.9,74.9,35.9,0.155,194,0.866,210,0.505,233,0.403,0.626,31.5,5.2,8.1,9.8,49.9,1.67,0.48,4.62,13,122.6,98.9
James Johnson,Mia,PF,4,BackCourt,30,20,27.5,57.3,20.1,0.207,56,0.679,116,0.56,55,0.382,0.59,11.6,5.2,10.3,4.3,25.5,1.05,0.7,2.55,9.3,108,97.7
James Michael McAdoo,Phi,PF,4,BackCourt,25,1,6.9,14.4,35.3,0.17,2,1,0,0,4,0.25,0.512,5,0,0,0,0,0,0,1,0,90.7,116.4
Jamil Wilson,Lac,SF,3,BackCourt,27,2,3.3,6.8,26.8,0.25,0,0,0,0,3,0.667,1,3,1,17.1,0,0,0,0,0.5,0,,
JaMychal Green,Mem,PF,4,BackCourt,27,8,24.9,51.8,15.8,0.088,10,0.8,43,0.651,15,0.467,0.681,10.6,5.3,12.1,1.1,7.9,0.5,0,0.75,6.4,130.6,99.6
Jared Dudley,Pho,PF,4,BackCourt,32,8,14.6,30.5,10.1,0.175,6,0.667,8,0.375,13,0.538,0.656,3.9,2.4,8.4,2,18.6,0.75,0.25,0.63,7.3,127.8,101.3
Jarell Martin,Mem,PF,4,BackCourt,23,19,18,37.6,15.2,0.151,18,0.778,61,0.426,27,0.222,0.438,4.4,3.5,11.1,0.5,4,0.63,0.84,0.89,4.4,88.6,93.7
Jarrett Allen,Bro,C,5,BackCourt,19,13,15.4,32.1,12.2,0.102,16,0.688,45,0.489,1,0,0.518,4.2,3.8,12.7,0.5,4.2,0.69,0.69,0.46,5.2,111.2,100.9
Jarrett Jack,Nyk,PG,1,FrontCourt,34,19,26.4,54.9,13,0.214,6,0.833,91,0.451,24,0.292,0.459,5.7,3.2,6.9,5.9,30.6,0.53,0.05,1.68,7.2,102.9,107.1
Jason Smith,Was,C,5,BackCourt,31,8,9.5,19.7,18,0.097,7,1,12,0.5,13,0.077,0.392,2.8,1.5,8.8,0.1,1.8,0,0.63,0.38,3.2,88.4,93.2
Jason Terry,Mil,SG,2,FrontCourt,40,8,9.6,20.1,11.3,0.159,2,1,5,0.6,10,0.1,0.346,1.4,0.9,5.4,0.8,10.2,0.5,0.13,0.38,4.2,74.5,108.8
JaVale McGee,Gol,C,5,BackCourt,30,19,8.1,16.8,18.8,0.119,16,0.75,50,0.56,2,0,0.576,3.6,2.1,14,0.6,10.8,0.42,0.68,0.42,8.2,116.7,93
Jawun Evans,Lac,PG,1,FrontCourt,21,13,12.2,25.4,20.1,0.136,19,0.789,43,0.419,12,0.167,0.45,4.4,1.1,4.9,1.2,15.1,0.62,0.08,0.77,5.9,92.8,97.8
Jaylen Brown,Bos,SF,3,BackCourt,21,22,31.8,66.2,21.2,0.105,83,0.59,163,0.491,100,0.4,0.549,15,6.1,10.6,1.2,6.2,1.14,0.27,1.59,6,104,92.9
Jayson Tatum,Bos,SF,3,BackCourt,19,23,30.5,63.5,17.9,0.113,87,0.828,143,0.497,70,0.486,0.629,13.7,5.3,9.4,1.5,7.8,0.96,0.83,1.39,6.3,118.7,94.7
Jeff Green,Cle,SF,3,BackCourt,31,22,20.8,43.3,20.7,0.112,61,0.82,123,0.553,41,0.293,0.582,10.1,3.2,8.6,1.6,11.7,0.68,0.27,1.09,7.2,115,103
Jeff Teague,Min,PG,1,FrontCourt,29,18,33.9,70.6,21.1,0.203,63,0.81,141,0.426,67,0.403,0.535,14,3.1,5.3,7.5,32.3,1.78,0.5,3.33,8.1,104.8,104.4
Jeff Withey,Dal,C,5,BackCourt,27,7,4.2,8.8,21,0.072,2,0.5,4,0.5,8,0.25,0.427,1.6,1,12.9,0,0,0,0.29,0.14,0,,
Jerami Grant,Okc,SF,3,BackCourt,23,20,22.4,46.7,16.3,0.124,57,0.737,89,0.607,34,0.235,0.588,8.7,3.9,9.8,1,6.9,0.75,0.9,1.05,5.8,114.9,97.1
Jeremy Lamb,Cha,SG,2,FrontCourt,25,20,28.9,60.2,23.9,0.113,74,0.851,171,0.491,79,0.38,0.568,16.1,5.2,9.5,3.4,20.1,0.9,0.5,1.8,9.1,111.3,100.5
Jeremy Lin,Bro,PG,1,FrontCourt,29,1,25.2,52.5,29.7,0.166,7,1,10,0.4,2,0.5,0.597,18,0,0,4,25.4,0,0,3,0,111.2,106.2
Jerian Grant,Chi,PG,1,FrontCourt,25,20,25.8,53.7,17.4,0.142,55,0.782,103,0.456,48,0.313,0.519,9.1,3.1,6.4,5.1,31.3,0.85,0.1,1.45,8.1,110.1,106.5
Jerryd Bayless,Phi,PG,1,FrontCourt,29,15,28,58.4,14.5,0.15,27,0.778,53,0.528,60,0.383,0.585,9.7,2.3,4.3,2,9.9,0.67,0.2,1.47,5.1,108,103.4
Jimmy Butler,Min,SF,3,BackCourt,28,20,36.1,75.3,22.1,0.112,95,0.821,226,0.456,58,0.379,0.537,17.5,5.5,8.7,4.5,19.1,1.8,0.2,2.05,8.4,111.2,107.7
JJ Redick,Phi,SG,2,FrontCourt,33,19,33.1,69,19.1,0.086,38,0.921,129,0.442,119,0.403,0.553,15.4,2.9,4.6,3.6,16,0.63,0.11,1.32,6.6,113.3,105.7
Joakim Noah,Nyk,C,5,BackCourt,32,1,2.9,6,15,0,0,0,1,1,0,0,1,2,1,19.5,0,0,0,1,0,0,,
Jodie Meeks,Was,SG,2,FrontCourt,30,21,17.2,35.9,19.8,0.061,51,0.882,60,0.467,71,0.324,0.554,8.1,1.1,3.7,0.5,4.1,0.62,0,0.48,3.8,111.3,105.4
Joe Harris,Bro,SG,2,FrontCourt,26,20,23.1,48.2,16.3,0.071,20,0.7,51,0.627,110,0.382,0.601,10.2,2.7,6,1.4,8.8,0.65,0.3,0.65,5.8,117.2,106.1
Joe Ingles,Uta,SF,3,BackCourt,30,22,29.3,61.1,15.4,0.168,10,0.9,59,0.407,120,0.467,0.613,10.2,4,7.8,4,20.7,1.18,0.18,1.68,7.5,113.3,100.5
Joe Johnson,Uta,SF,3,BackCourt,36,7,19.2,40,20,0.168,8,0.875,29,0.552,17,0.118,0.454,6.4,2.7,8.1,1.6,12.7,0.57,0.29,1.43,6.3,87.9,104
Joe Young,Ind,PG,1,FrontCourt,25,12,5.6,11.7,26.4,0.099,8,0.625,22,0.591,11,0.091,0.465,2.8,0.8,7.5,0.6,15.9,0.08,0,0.33,7.9,95.2,104.8
Joel Bolomboy,Mil,PF,4,BackCourt,24,5,6.1,12.7,13,0.231,6,0.5,3,0.333,1,0,0.377,1,1.6,15.5,0,0,0.4,0,0.4,0,93,104.6
Joel Embiid,Phi,C,5,BackCourt,23,18,29.6,61.6,33.7,0.168,137,0.759,249,0.542,51,0.255,0.573,22.9,11.3,19.8,3.3,19.7,0.72,1.78,4.06,12.8,105.6,93.5
Joffrey Lauvergne,San,C,5,BackCourt,26,10,10.3,21.4,18.7,0.139,7,0.571,31,0.419,3,0,0.405,3,3.4,18.4,0.8,11.5,0.2,0,0.6,7.8,93.9,93.6
John Collins,Atl,PF,4,BackCourt,20,21,23.1,48,20.5,0.137,47,0.766,173,0.595,1,0,0.622,11.5,7.1,17.5,0.8,5.9,0.67,0.86,1.48,7,119.1,96.5
John Henson,Mil,C,5,BackCourt,27,19,23.1,48.2,15.3,0.171,40,0.45,102,0.598,2,0,0.576,7.4,6.8,17.3,1.5,9.5,0.37,1.58,1.32,7.3,110.8,96.9
John Holland,Cle,SG,2,FrontCourt,29,4,4.3,8.9,12.9,0.2,0,0,2,0,2,0.5,0.375,0.8,0.5,6.6,0,0,0,0,0.25,0,,
John Wall,Was,PG,1,FrontCourt,27,16,34.4,71.7,28.1,0.136,112,0.75,196,0.469,60,0.317,0.532,20.3,3.4,5.5,9.2,43.8,1.06,1.13,3,10,111.1,104.6
Johnny O'Bryant III,Cha,PF,4,BackCourt,24,8,9.4,19.5,23.5,0.074,8,1,27,0.519,7,0.286,0.56,5.3,2.1,12,0.4,7.1,0.25,0.25,0.38,7,114.8,100.6
Jon Leuer,Det,PF,4,BackCourt,28,8,17.1,35.5,16.2,0.158,15,0.867,33,0.455,3,0,0.505,5.4,4,13.3,0.6,5,0.13,0.38,1,5.5,99.2,96.9
Jonas Jerebko,Uta,PF,4,BackCourt,30,17,15.9,33.1,14.6,0.069,10,0.8,37,0.541,40,0.5,0.663,6.4,3.6,13,0.8,8.2,0.29,0.12,0.35,6.6,132.8,95.2
Jonas Valanciunas,Tor,C,5,BackCourt,25,16,20.3,42.2,21.8,0.163,37,0.865,112,0.58,5,0.2,0.619,10.3,7,20.1,0.8,5.7,0.25,0.56,1.63,7.6,115.3,92.3
Jonathan Isaac,Orl,SF,3,BackCourt,20,12,19.9,41.4,14.4,0.152,14,0.857,44,0.523,17,0.294,0.543,6.1,4.4,12,0.8,5.8,0.67,1.25,1,5.6,102.9,102
Jonathon Simmons,Orl,SG,2,FrontCourt,28,22,25.6,53.2,23.8,0.146,91,0.736,170,0.529,53,0.377,0.584,14,2.8,6,1.9,11.4,0.68,0.05,2.05,6.6,105.8,106
Jordan Bell,Gol,PF,4,BackCourt,23,16,9.5,19.8,13.8,0.225,2,0.5,37,0.73,0,0,0.726,3.4,2.9,16.7,1,14.4,0.56,0.88,0.69,9,127.9,88.7
Jordan Clarkson,Lal,SG,2,FrontCourt,25,21,22.6,47.1,28.3,0.118,57,0.754,192,0.536,67,0.373,0.57,15.4,2.9,6.7,3,23.2,0.71,0,1.81,9.1,109,102.5
Jordan Crawford,Nor,SG,2,FrontCourt,29,2,18.7,38.9,20.9,0.222,0,0,9,0.333,5,0.8,0.643,9,1.5,4.4,4.5,36.9,0,0.5,2,8.4,117.2,99.6
Jordan Mickey,Mia,PF,4,BackCourt,23,4,9.2,19.2,18.7,0.196,3,0.667,10,0.6,1,0,0.568,3.5,4.3,25.5,0,0,0,0.5,0.75,0,100.2,90.9
Jose Calderon,Cle,PG,1,FrontCourt,36,13,13.4,27.9,9.3,0.273,6,0.833,11,0.455,13,0.462,0.619,2.5,1.1,4.5,1.5,15,0.46,0,0.77,4.8,109.9,104.4
Josh Hart,Lal,SG,2,FrontCourt,22,16,13.8,28.8,10.6,0.124,12,0.75,27,0.519,17,0.235,0.497,3.1,2.2,8.3,0.4,3.6,0.63,0.19,0.44,4.1,97.5,100.1
Josh Huestis,Okc,SF,3,BackCourt,26,16,11.3,23.6,12.1,0.177,4,0.5,9,0.222,31,0.29,0.395,2.1,1.6,8.1,0.4,4.6,0.38,0.56,0.56,3.9,78.2,92.4
Josh Jackson,Pho,SF,3,BackCourt,20,23,21.5,44.8,23.8,0.157,64,0.516,154,0.448,59,0.237,0.442,9.3,3.8,9.1,1.1,7.8,1.3,0.22,1.96,6.3,83,100.1
Josh Magette,Atl,PG,1,FrontCourt,28,8,8,16.7,10.8,0.127,4,1,8,0.375,4,0.25,0.472,1.6,0.8,5.3,2.1,35.6,0.25,0,0.25,7,123.9,106.9
Josh Richardson,Mia,SG,2,FrontCourt,24,21,32.4,67.5,16.2,0.191,21,0.762,86,0.488,104,0.269,0.462,8.8,3,5.1,2,9.3,1.29,0.71,2.24,4.6,84,101.2
Josh Smith,Nor,PF,4,BackCourt,32,3,3.9,8.2,14.7,0,0,0,4,0.25,0,0,0.25,0.7,1.3,18.7,0,0,0,0,0,0,,
JR Smith,Cle,SG,2,FrontCourt,32,22,31,64.5,13.1,0.104,12,0.583,51,0.51,125,0.32,0.494,8.1,2.8,5.1,2,8.8,1,0.05,0.95,4.6,99.7,105.9
Jrue Holiday,Nor,PG,1,FrontCourt,27,21,36.1,75.2,20.7,0.155,48,0.854,190,0.553,95,0.274,0.537,15.7,4.3,6.6,5.7,23.4,1.29,0.29,2.67,8.1,104.9,105.5
Juan Hernangomez,Den,PF,4,BackCourt,22,10,14.8,30.8,12.8,0.068,7,0.714,13,0.462,25,0.32,0.499,4.1,2.7,10.2,0.4,3.7,0.3,0.2,0.3,4.4,110.4,104.7
Julius Randle,Lal,PF,4,BackCourt,23,21,22.2,46.3,23.8,0.18,83,0.675,164,0.591,18,0.222,0.599,12.5,6.6,15.5,1.7,12.4,0.43,0.86,2.29,9.4,105.6,91.1
Julyan Stone,Cha,PG,1,FrontCourt,29,2,9.2,19.1,14.2,0.333,0,0,0,0,4,0.5,0.75,3,2.5,14.5,1,16.3,1,0,1,8.5,102.8,84
Justin Anderson,Phi,SF,3,BackCourt,24,10,12.6,26.3,18.1,0.073,7,0.714,22,0.409,26,0.346,0.489,5,2.7,11.1,0.3,3.4,0.3,0.1,0.4,5.1,103.7,95.1
Justin Holiday,Chi,SG,2,FrontCourt,28,19,34.3,71.5,20.9,0.08,49,0.755,117,0.385,147,0.354,0.496,14.9,4.2,6.4,2.1,10,1.26,0.58,1.32,5.9,98.4,108.2
Justin Jackson,Sac,SF,3,BackCourt,22,17,18.2,38,17.9,0.105,10,0.6,60,0.467,46,0.326,0.485,6.3,1.6,5.2,0.4,3.6,0.18,0.12,0.76,3.5,91.6,113.3
Justise Winslow,Mia,SF,3,BackCourt,21,21,22.8,47.6,15.7,0.137,22,0.682,108,0.444,27,0.333,0.477,6.6,5.6,13.4,1.7,11.5,0.81,0.33,1.1,7,97.2,98.4
Jusuf Nurkic,Por,C,5,BackCourt,23,22,28.2,58.7,29.1,0.169,96,0.646,297,0.468,5,0,0.494,15.5,7.9,15.2,2.1,13.5,0.82,1.23,3.18,9,93.2,91.8
Karl-Anthony Towns,Min,C,5,BackCourt,22,22,34.3,71.5,23.6,0.113,95,0.863,241,0.581,80,0.363,0.619,20.4,11.7,19.5,1.5,7.5,0.5,1.27,2.09,8.3,119.7,99.7
Kay Felder,Chi,PG,1,FrontCourt,22,12,10.5,21.9,28.7,0.182,10,0.9,46,0.326,17,0.235,0.378,4.3,0.9,4.6,1.7,26.6,0.17,0.08,1.25,7.1,75.1,106.8
Kelly Olynyk,Mia,C,5,BackCourt,26,21,19.1,39.8,20.9,0.224,39,0.795,75,0.56,53,0.491,0.665,9.2,5.3,15.3,1.6,13.7,0.57,0.48,2,8.9,109,89.8
Kelly Oubre Jr.,Was,SF,3,BackCourt,22,21,28.1,58.5,18.2,0.094,56,0.804,109,0.459,89,0.393,0.561,11.9,5.5,10.8,1,5.3,0.9,0.48,1.1,5.7,110.2,98.7
Kemba Walker,Cha,PG,1,FrontCourt,27,19,35.2,73.2,26.5,0.103,118,0.856,191,0.492,123,0.366,0.579,22.3,3.8,5.7,6.2,30.8,0.63,0.21,2.21,9.2,118.3,106
Kenneth Faried,Den,PF,4,BackCourt,28,18,13.2,27.4,18.2,0.119,33,0.758,74,0.554,0,0,0.604,5.9,4.1,17.4,0.3,3.9,0.33,0.22,0.67,5.9,120.9,101.8
Kent Bazemore,Atl,SF,3,BackCourt,28,21,28.4,59.2,22.6,0.167,75,0.787,142,0.415,80,0.35,0.512,12.4,4.4,8.8,3.6,19,1.81,0.48,2.43,8.2,97.8,105.1
Kentavious Caldwell-Pope,Lal,SG,2,FrontCourt,24,19,34.9,72.8,17.8,0.124,52,0.75,112,0.491,113,0.354,0.543,14.2,5.3,7.9,2.5,10.1,1.68,0.37,1.84,6.6,103.9,101.5
Kevin Durant,Gol,SF,3,BackCourt,29,17,34.6,72.1,28.7,0.153,80,0.85,195,0.574,102,0.431,0.638,24.9,6.8,10.8,4.7,21.2,0.76,2,3.53,10.7,113.5,102.8
Kevin Love,Cle,PF,4,BackCourt,29,22,29.6,61.6,26.3,0.121,129,0.891,175,0.52,110,0.364,0.61,19,10.3,19.5,1.9,10.3,0.73,0.45,2.14,9.7,120.2,101
Kevon Looney,Gol,PF,4,BackCourt,21,15,11.7,24.3,13.7,0.161,18,0.444,39,0.538,0,0,0.533,3.3,3,14.1,0.5,5.8,0.47,1,0.6,5.8,107.5,89.6
Khem Birch,Orl,C,5,BackCourt,25,2,3.1,6.5,21,0,0,0,3,0.333,0,0,0.333,1,1,17.5,0.5,23.8,0,0,0,10.2,,
Khris Middleton,Mil,PF,4,BackCourt,26,20,36.7,76.5,25.2,0.124,71,0.859,217,0.507,104,0.337,0.548,19.3,5.6,9,4.4,19.5,1.35,0.05,2.5,8.5,105.3,101.3
Klay Thompson,Gol,SG,2,FrontCourt,27,22,33,68.7,23.7,0.088,22,0.909,189,0.513,166,0.464,0.61,20.2,4.3,7.2,2.4,11,0.68,0.82,1.59,7.2,113,105.6
Kosta Koufos,Sac,C,5,BackCourt,28,21,19.1,39.9,12,0.121,33,0.455,80,0.55,0,0,0.545,4.9,5.9,17.6,1.1,9,0.57,0.67,0.62,6.6,115.1,101.6
Kris Dunn,Chi,PG,1,FrontCourt,23,16,26.8,55.8,25.3,0.21,19,0.632,150,0.44,37,0.432,0.491,12,4.7,9.3,4.2,28.1,2,0.25,3.25,9.2,88.5,96.7
Kristaps Porzingis,Nyk,PF,4,BackCourt,22,19,31.5,65.6,34.2,0.096,132,0.841,274,0.489,92,0.402,0.578,25.8,6.8,12.2,1.1,6.4,0.47,2.11,2.37,7.3,111.4,101
Kyle Anderson,San,SG,2,FrontCourt,24,21,27.9,58.1,15,0.132,51,0.765,139,0.525,10,0.3,0.566,9.2,6.2,12.4,3.1,16.8,1.19,0.86,1.24,8,117,99.9
Kyle Korver,Cle,SG,2,FrontCourt,36,22,21.6,45.1,17.2,0.086,30,0.867,30,0.633,127,0.441,0.682,10.5,2.2,5.8,0.8,5.6,0.45,0.32,0.73,4.9,125.3,105.6
Kyle Kuzma,Lal,PF,4,BackCourt,22,20,31.3,65.1,21.3,0.122,56,0.768,169,0.568,87,0.379,0.595,16.7,6.1,10.2,1.6,8.1,0.4,0.1,1.95,7,110.1,102.7
Kyle Lowry,Tor,PG,1,FrontCourt,31,20,32.5,67.8,21.5,0.161,64,0.906,93,0.516,144,0.417,0.63,16.7,6.3,11.2,7,31,0.85,0.15,2.55,11.1,122.7,101.5
Kyle O'Quinn,Nyk,PF,4,BackCourt,27,21,16.8,34.9,18.4,0.249,33,0.818,94,0.564,3,0,0.596,6.3,6.5,21.8,2.1,18.8,0.48,1,1.76,10.5,108.1,88.4
Kyle Singler,Okc,SF,3,BackCourt,29,1,2.4,5,18,0,0,0,1,1,0,0,1,2,0,0,0,0,0,0,0,0,,
Kyrie Irving,Bos,PG,1,FrontCourt,25,22,31.7,66,30.7,0.099,106,0.868,260,0.535,129,0.372,0.59,23.4,3.3,5.7,5.2,32.4,1.5,0.27,2.18,9.3,116.9,96.2
LaMarcus Aldridge,San,PF,4,BackCourt,32,21,33.3,69.4,28.4,0.07,114,0.833,330,0.536,33,0.364,0.587,23.1,8.2,13.7,2.3,12.9,0.62,1.29,1.48,9.1,121.1,100
Lance Stephenson,Ind,SG,2,FrontCourt,27,22,21.5,44.7,19.1,0.16,43,0.581,108,0.481,46,0.326,0.503,7.9,5.1,13.3,2.7,17.4,0.59,0.18,1.5,8.9,100.7,102.2
Lance Thomas,Nyk,PF,4,BackCourt,29,18,14.6,30.3,12.9,0.142,17,0.765,36,0.361,23,0.391,0.496,3.7,2.6,10.1,0.4,3.6,0.22,0,0.61,4.3,99.3,101.1
Langston Galloway,Det,PG,1,FrontCourt,26,19,14.2,29.6,17.4,0.056,12,0.833,32,0.5,64,0.422,0.607,6.5,1.7,6.7,0.7,7.6,0.42,0.16,0.32,5.6,120.9,105.8
Larry Nance Jr.,Lal,PF,4,BackCourt,25,10,23.7,49.5,15.7,0.156,22,0.727,64,0.609,2,0,0.621,9.4,7.2,15.9,1.2,7.5,1.9,0.7,1.4,7.3,116,90.4
Lauri Markkanen,Chi,PF,4,BackCourt,20,20,30.6,63.8,21.8,0.089,53,0.811,114,0.456,140,0.343,0.525,14.6,8.2,14.2,1.5,8.1,0.5,0.6,1.35,7.4,102.6,106.8
LeBron James,Cle,SF,3,BackCourt,33,22,37,77.1,29.9,0.161,120,0.758,306,0.637,106,0.425,0.663,28,8.2,12.4,8.5,43,1.32,1.18,4.05,13.5,124.1,106
Lonzo Ball,Lal,PG,1,FrontCourt,20,21,33.4,69.6,18,0.181,30,0.467,130,0.362,105,0.257,0.381,9,7,11,7.2,29.4,1.38,0.81,2.62,9.2,88.6,100.6
Lorenzo Brown,Tor,G,5,BackCourt,27,4,11.5,24,5.8,0,0,0,3,0.333,3,0,0.167,0.5,1.8,8.8,1.3,13.1,0.75,0,0,3.7,79.1,100.7
Lou Williams,Lac,SG,2,FrontCourt,31,20,29.3,61,27.5,0.154,87,0.897,157,0.503,118,0.39,0.597,18.7,2.7,5,4.1,23.8,1.05,0.2,2.85,8.1,112.8,110.2
Luc Mbah a Moute,Hou,PF,4,BackCourt,31,19,26.5,55.2,12.8,0.181,25,0.72,55,0.6,56,0.393,0.615,7.9,3.5,7.3,1,5.4,1.47,0.53,1.42,4.6,106.2,97.8
Lucas Nogueira,Tor,C,5,BackCourt,25,17,12,25,13,0.15,9,0.778,37,0.676,10,0.3,0.648,3.9,2.7,13.1,0.4,4.1,0.65,1.18,0.53,5.4,117.4,92.8
Luke Babbitt,Atl,SF,3,BackCourt,28,18,19.5,40.7,15.7,0.104,10,0.7,37,0.541,71,0.437,0.623,7.8,2.6,7.4,0.9,6.9,0.28,0.17,0.72,5.4,113.3,106.8
Luke Kennard,Det,SG,2,FrontCourt,21,15,16.2,33.7,18.9,0.152,9,0.667,50,0.44,35,0.4,0.517,6.1,1.8,6.3,1.3,11.3,0.73,0.07,1.07,6,96.4,102.7
Luol Deng,Lal,SF,3,BackCourt,32,1,13.1,27.3,9.5,0.333,0,0,2,0.5,0,0,0.5,2,0,0,1,10,1,0,1,0,76.4,109.7
Malachi Richardson,Sac,SG,2,FrontCourt,22,12,11.7,24.4,16.2,0.059,13,0.769,24,0.333,18,0.389,0.492,3.9,0.9,4.5,0.5,6.4,0.5,0,0.25,4.1,102.7,105.6
Malcolm Brogdon,Mil,SG,2,FrontCourt,25,19,30.2,63,19.6,0.126,30,0.833,128,0.5,73,0.438,0.581,13.1,2.8,5.4,3.6,18.6,1,0.21,1.63,6.7,109.6,105.3
Malcolm Delaney,Atl,PG,1,FrontCourt,28,17,20.4,42.5,14.8,0.18,24,0.708,50,0.36,35,0.371,0.481,5.4,2,5.6,2,13.7,0.82,0.12,1.24,5.5,93.6,109.3
Malik Beasley,Den,SG,2,FrontCourt,21,19,8.4,17.4,16.6,0.129,11,0.545,27,0.519,22,0.318,0.511,2.9,1.5,9.8,0.5,9.1,0.16,0,0.42,6.2,101.9,104.4
Malik Monk,Cha,SG,2,FrontCourt,19,18,17.5,36.4,22.2,0.1,13,0.769,58,0.362,81,0.346,0.47,7.6,1.6,4.7,1.8,16.8,0.28,0.17,0.89,6.4,95.7,104.5
Mangok Mathiang,Cha,PF,4,BackCourt,25,1,3.5,7.3,24.8,0,0,0,2,0,0,0,0,0,2,30.3,0,0,0,0,0,0,,
Manu Ginobili,San,SG,2,FrontCourt,40,18,20.1,41.9,21.5,0.189,33,0.848,77,0.506,50,0.24,0.502,7.9,1.9,5.2,2.1,15.9,0.67,0.28,1.83,6.3,93,97.8
Marc Gasol,Mem,C,5,BackCourt,33,20,34.4,71.6,27.9,0.149,101,0.842,220,0.455,90,0.322,0.525,18.6,8.9,14.9,4.3,22.2,0.5,1.6,3.1,10.4,100.6,101.3
Marcin Gortat,Was,C,5,BackCourt,33,21,29.7,62,14.8,0.138,47,0.66,161,0.559,0,0,0.581,10,8.6,16.1,1.7,8.4,0.33,0.76,1.38,7.1,114.7,99.9
Marco Belinelli,Atl,SG,2,FrontCourt,31,21,25.9,54,20.2,0.088,42,0.929,100,0.43,110,0.409,0.569,12.4,2.2,4.9,2.6,15.4,1.24,0.05,1.05,6.4,113.3,112.8
Marcus Georges-Hunt,Min,SG,2,FrontCourt,23,9,1.7,3.4,14.6,0.2,0,0,3,0.667,1,0,0.5,0.4,0.1,3.9,0.1,9.7,0.11,0,0.11,3.7,,
Marcus Morris,Bos,SF,3,BackCourt,28,13,23.9,49.8,23.8,0.084,39,0.872,90,0.467,46,0.37,0.552,13,5.4,12.3,1.5,11,0.69,0.31,1.08,7.9,108.9,93.8
Marcus Paige,Cha,PG,1,FrontCourt,24,1,2.9,6,29.9,0,0,0,2,0,0,0,0,0,2,36.6,0,0,0,0,0,0,,
Marcus Smart,Bos,PG,1,FrontCourt,23,21,30.9,64.3,19.3,0.173,59,0.729,108,0.333,100,0.29,0.432,9.6,4.2,7.5,5.3,25.5,1.29,0.48,2.33,7.7,93.8,94.7
Mario Chalmers,Mem,PG,1,FrontCourt,31,19,24.8,51.7,19.9,0.167,51,0.784,88,0.443,59,0.237,0.472,8.4,3.1,7.2,4,25.5,1.42,0.11,1.79,7.6,95.6,95.3
Mario Hezonja,Orl,SF,3,BackCourt,22,17,9.7,20.1,16.1,0.197,4,0.75,26,0.462,21,0.381,0.523,3,1.8,9.9,0.6,9.4,0.29,0.06,0.71,6.1,94.3,106.2
Markelle Fultz,Phi,PG,1,FrontCourt,19,4,18.9,39.4,21,0.157,12,0.5,27,0.333,0,0,0.372,6,2.3,6.2,1.8,12.8,0.5,0.25,1.5,6.2,78.7,104
Markieff Morris,Was,PF,4,BackCourt,28,14,22.6,47.1,20.5,0.148,12,0.833,80,0.463,41,0.341,0.499,9,4.4,10.7,1.1,7.8,0.57,0.36,1.57,6.2,92.8,95.1
Marquese Chriss,Pho,PF,4,BackCourt,20,23,20,41.6,15.6,0.155,33,0.727,80,0.438,53,0.321,0.491,6.3,4.8,12.3,1.1,8,0.61,1.17,1.17,6.4,95.5,97.5
Marreese Speights,Orl,C,5,BackCourt,30,17,12,25,27.6,0.062,12,0.583,35,0.486,81,0.42,0.59,8.4,2.4,10.9,0.5,6.7,0.24,0.29,0.47,7.2,109.5,98.1
Marvin Williams,Cha,PF,4,BackCourt,31,20,25.4,52.8,13.2,0.058,24,0.875,63,0.46,72,0.444,0.601,8.8,4.2,8.7,1.1,6.6,0.75,0.35,0.45,5.4,123.1,103.5
Mason Plumlee,Den,C,5,BackCourt,27,21,16.8,35,17.9,0.196,59,0.424,92,0.533,1,0,0.517,5.9,4.4,14.7,1.5,12.8,0.76,0.9,1.38,8.1,99.9,98
Matt Costello,San,SF,3,BackCourt,24,1,10.6,22.1,4.2,0,0,0,1,1,0,0,1,2,5,26.3,0,0,0,2,0,0,200,69
Matthew Dellavedova,Mil,PG,1,FrontCourt,27,13,20,41.6,16.3,0.229,11,0.909,37,0.378,29,0.379,0.501,5.5,2.2,6.4,3.2,22.1,0.23,0,1.62,6.8,97.5,105.5
Maurice Harkless,Por,SF,3,BackCourt,24,22,24.3,50.6,11.6,0.126,24,0.75,77,0.494,37,0.243,0.486,5.5,3.5,7.8,0.6,3.8,0.77,0.91,0.82,3.7,97.7,97.6
Maxi Kleber,Dal,F,5,BackCourt,26,16,14.2,29.6,13.5,0.088,10,0.7,37,0.676,21,0.286,0.601,4.7,2.6,10.1,0.3,3.5,0.25,0.19,0.38,4.3,117.6,102.6
Meyers Leonard,Por,PF,4,BackCourt,25,7,10.2,21.3,16.9,0.072,4,0.5,14,0.643,10,0.4,0.621,4.6,3,16,0.1,2.4,0.14,0,0.29,4.4,119.8,86.8
Michael Beasley,Nyk,SF,3,BackCourt,29,15,14.4,30,25.4,0.199,20,0.6,83,0.566,9,0,0.526,7.1,3.5,13.9,0.9,10.5,0.07,0.4,1.67,7.8,92.9,102.6
Michael Carter-Williams,Cha,PG,1,FrontCourt,26,9,17.3,36,19,0.19,28,0.786,32,0.156,11,0.364,0.398,4.9,2.9,8.9,2.8,22.2,1.11,0.33,1.44,7.9,90.6,94.2
Michael Kidd-Gilchrist,Cha,SF,3,BackCourt,24,14,25.2,52.5,15.3,0.04,25,0.72,107,0.495,1,0,0.521,8.9,4.1,8.6,0.6,4,0.43,0.86,0.36,4.4,110.5,102.2
Mike Conley,Mem,PG,1,FrontCourt,30,12,31.1,64.8,26.5,0.084,66,0.803,91,0.44,77,0.312,0.52,17.1,2.3,4.2,4.1,22.9,1,0.25,1.5,7,106.4,105.7
Mike James,Pho,PG,1,FrontCourt,27,23,22.7,47.3,24.1,0.127,66,0.758,162,0.42,76,0.289,0.472,11,3,6.9,4.1,28.1,0.87,0.26,1.7,9,99.2,108.7
Mike Muscala,Atl,C,5,BackCourt,26,9,22.4,46.8,14,0.124,12,0.917,32,0.469,19,0.316,0.524,6.6,4.4,11.3,1,6.3,0.78,0.56,0.89,5.5,106.1,102.2
Mike Scott,Was,PF,4,BackCourt,29,18,18.1,37.8,18.8,0.136,20,0.75,79,0.582,33,0.424,0.617,8.3,3.4,10.4,0.5,4.4,0.28,0.22,1.06,5.3,108.5,100
Miles Plumlee,Atl,C,5,BackCourt,29,2,6.4,13.3,3.4,1,0,0,0,0,0,0,,0,0.5,4.4,0,0,0,0,0.5,0,,119.4
Milos Teodosic,Lac,PG,1,FrontCourt,30,2,16,33.3,20.4,0.2,0,0,5,0.2,7,0.429,0.458,5.5,0.5,1.7,4,37.3,0,0.5,1.5,5.6,98.5,107.9
Mindaugas Kuzminskas,Nyk,SF,3,BackCourt,28,1,1.9,4,45.9,0,0,0,2,0,0,0,0,0,0,0,0,0,0,0,0,0,,
Mirza Teletovic,Mil,PF,4,BackCourt,32,10,15.9,33.2,18.5,0.109,0,0,12,0.333,45,0.467,0.623,7.1,2.3,8.5,1,9.6,0.4,0.1,0.7,6.4,112.1,103.7
Montrezl Harrell,Lac,PF,4,BackCourt,24,14,9.4,19.6,18.6,0.125,14,0.643,43,0.628,0,0,0.641,4.5,2.9,17.4,0.7,12.9,0.21,0.43,0.5,8.9,126.6,100.2
Myles Turner,Ind,C,5,BackCourt,21,15,28.9,60.1,21.4,0.109,42,0.786,133,0.504,37,0.378,0.554,13.9,7.6,14.8,1.3,6.5,0.27,2.53,1.53,7.1,105.7,99.9
Nate Wolters,Uta,PG,1,FrontCourt,26,4,2.7,5.6,12.5,0,0,0,3,0,0,0,0,0,0.5,10.7,0.3,11.9,0,0,0,0,,
Nemanja Bjelica,Min,PF,4,BackCourt,29,18,15.3,31.9,16,0.128,12,0.917,42,0.643,41,0.512,0.725,7.1,2.8,10.6,0.7,7.2,0.56,0.22,0.72,6.3,128.6,100.2
Nene,Hou,C,5,BackCourt,35,15,14.3,29.9,20.6,0.175,40,0.75,65,0.677,2,0,0.697,7.9,3.1,12.2,1.1,13.1,0.6,0.4,1.2,8.4,123.4,87.1
Nerlens Noel,Dal,PF,4,BackCourt,23,18,12.5,26.1,15.2,0.196,19,0.842,53,0.528,0,0,0.587,4,4.1,17.7,0.3,4.2,0.56,0.56,0.83,5.4,110.3,93.1
Nick Collison,Okc,PF,4,BackCourt,37,2,6.3,13,6.9,0,0,0,2,1,0,0,1,2,1.5,13.5,0.5,12.8,0,0,0,7.3,206.2,109.3
Nick Young,Gol,SG,2,FrontCourt,32,21,13.3,27.8,20.1,0.092,17,0.706,29,0.586,82,0.39,0.599,6.8,1.4,5.7,0.6,6.3,0.52,0.1,0.57,5.4,109.7,104.2
Nicolas Batum,Cha,SG,2,FrontCourt,29,7,26.3,54.8,20.1,0.129,16,0.938,39,0.487,28,0.214,0.479,10.1,3.3,6.6,3.7,21.9,0.86,0.29,1.57,7.6,100.3,105.4
Nicolas Brussino,Atl,SF,3,BackCourt,24,4,2.5,5.2,8.9,0,0,0,0,0,2,0,0,0,0.8,17.2,0,0,0,0,0,0,,
Nik Stauskas,Phi,SG,2,FrontCourt,24,4,7.1,14.8,7.1,0.41,2,1,2,0.5,0,0,0.694,1,0.3,1.8,0,0,0.75,0,0.5,0,80.7,101.3
Nikola Jokic,Den,PF,4,BackCourt,22,21,29.4,61.3,21.7,0.147,59,0.864,172,0.552,69,0.406,0.609,15.5,10.6,20.1,4.6,24.9,1.33,0.62,2.19,12.4,122.3,98.7
Nikola Vucevic,Orl,C,5,BackCourt,27,22,29.8,62,24.4,0.109,34,0.765,219,0.534,94,0.362,0.552,16.5,8.4,15.3,3,16.8,0.95,0.91,1.82,10,107.4,102.9
Noah Vonleh,Por,PF,4,BackCourt,22,15,22.8,47.4,10.1,0.14,20,0.75,59,0.542,0,0,0.583,5.3,7.9,19,0.6,3.9,0.33,0.53,0.73,5.1,118.5,91.8
Norman Powell,Tor,SG,2,FrontCourt,24,16,22.9,47.7,19.5,0.137,25,0.8,69,0.507,59,0.356,0.55,9.6,2.1,5.2,1.9,11.7,1.19,0.38,1.38,5.9,104,100.3
OG Anunoby,Tor,SF,3,BackCourt,20,20,18.8,39.1,13.1,0.063,21,0.619,42,0.619,53,0.396,0.614,6.4,2.1,6.4,1,6.9,0.85,0.05,0.35,5.1,125.4,100.5
Okaro White,Mia,PF,4,BackCourt,25,6,13.3,27.6,10.3,0.055,3,0.667,5,0.6,11,0.364,0.577,3.3,1.8,7.6,0.3,3.7,0.17,0.17,0.17,3.6,119.4,104.4
Omer Asik,Nor,C,5,BackCourt,31,1,10.7,22.3,20.3,0,0,0,5,0.6,0,0,0.6,6,1,5.2,0,0,0,0,0,0,122.9,97.6
Omri Casspi,Gol,SF,3,BackCourt,29,18,13.8,28.7,16.1,0.129,22,0.773,62,0.581,9,0.667,0.663,5.9,3.8,15.3,1,9.9,0.33,0.61,0.67,8.2,122.3,95.3
Otto Porter Jr.,Was,SF,3,BackCourt,24,20,32.9,68.5,18.3,0.062,34,0.824,162,0.543,80,0.475,0.619,15.9,7.2,12.1,1.5,7.4,1.7,0.4,0.85,6.8,122.8,99.9
Pascal Siakam,Tor,PF,4,BackCourt,23,19,21,43.7,15.9,0.105,16,0.313,81,0.704,40,0.225,0.57,7.7,4.6,12.7,1.7,11.7,0.89,0.53,0.79,7.5,114.3,99.4
Pat Connaughton,Por,SG,2,FrontCourt,25,22,19.3,40.1,13.2,0.109,14,0.929,47,0.489,61,0.443,0.613,6.4,2.2,6.3,1.1,9,0.14,0.23,0.64,5.2,118.5,100.3
Patrick Beverley,Lac,SG,2,FrontCourt,29,11,30.3,63.2,19.8,0.165,17,0.824,59,0.407,60,0.4,0.53,12.2,4.1,7.5,2.9,14.7,1.73,0.45,2.27,6.9,103.1,102
Patrick McCaw,Gol,SG,2,FrontCourt,22,20,13,27,12,0.125,7,0.714,34,0.588,26,0.385,0.594,3.8,0.9,3.6,1.3,12.2,0.6,0.15,0.45,5.1,116.4,106
Patrick Patterson,Okc,PF,4,BackCourt,28,20,13.7,28.5,9.3,0.119,2,1,13,0.385,38,0.342,0.492,2.6,1.5,5.9,0.5,4.6,0.55,0.15,0.35,3.6,98.4,99.5
Patty Mills,San,PG,1,FrontCourt,29,21,26.4,54.9,17.8,0.127,23,0.913,75,0.4,107,0.336,0.492,9,2.3,4.8,3.7,20.4,0.9,0.24,1.33,6.4,102.7,102.6
Pau Gasol,San,C,5,BackCourt,37,21,25.6,53.4,19.3,0.133,51,0.824,130,0.508,49,0.449,0.596,11.4,7.9,17.2,3.3,20.4,0.38,1.29,1.48,10.4,119.1,98.3
Paul George,Okc,SF,3,BackCourt,27,20,36.9,76.9,24.9,0.117,70,0.8,191,0.44,155,0.4,0.544,20.5,5.9,9,3.1,14.3,2.75,0.5,2.5,7.8,106.1,96.5
Paul Millsap,Den,PF,4,BackCourt,32,16,29.7,61.8,23.8,0.125,65,0.692,144,0.486,58,0.345,0.531,15.3,6.2,11.6,3.1,16.6,1.06,1.25,2.06,9,107.5,102
Paul Zipser,Chi,SF,3,BackCourt,23,17,16.3,34,16.1,0.147,4,0.5,52,0.346,33,0.242,0.357,3.6,3.2,10.5,1.1,10.5,0.47,0.12,0.88,5.7,71.7,102.8
PJ Tucker,Hou,SF,3,BackCourt,32,21,27.5,57.3,10.3,0.168,21,0.81,30,0.5,75,0.373,0.573,6.2,6,12.1,1,4.7,1.29,0.29,1.1,4.9,110.2,95.3
Quincy Acy,Bro,PF,4,BackCourt,27,16,18.4,38.4,14.4,0.166,22,0.818,16,0.313,60,0.333,0.514,5.5,4.3,12,0.8,5.5,0.38,0.19,1.06,5.8,95.8,99.7
Quincy Pondexter,Chi,SG,2,FrontCourt,29,14,11,22.9,16.7,0.154,17,0.824,23,0.435,19,0.158,0.435,3.1,1.4,6.5,0.4,5.9,0.5,0.14,0.64,4.4,86.4,98.9
Quinn Cook,Gol,PG,1,FrontCourt,24,3,6.3,13.1,13.7,0.167,0,0,3,1,2,0,0.6,2,0.7,5.9,1.7,35.6,0,0,0.33,8.5,125.9,96.5
Rajon Rondo,Nor,PG,1,FrontCourt,31,8,22,45.8,14.8,0.233,0,0,33,0.485,13,0.154,0.413,4.8,2.5,6.3,6,36.9,0.63,0.25,1.75,7.6,97.8,103.6
Ramon Sessions,Nyk,PG,1,FrontCourt,31,8,16.4,34.2,19.1,0.208,15,0.8,30,0.433,9,0.111,0.45,5.1,1.6,5.6,3.1,26.2,0.88,0.13,1.5,7.2,93.3,101.3
Rashad Vaughn,Mil,SG,2,FrontCourt,21,10,6.6,13.7,15.4,0.045,0,0,9,0.444,12,0.417,0.548,2.3,0.3,2.7,0.4,9,0.2,0.2,0.1,3.9,108.5,107.1
Raul Neto,Uta,PG,1,FrontCourt,25,14,14,29.1,17.4,0.159,10,0.7,40,0.5,19,0.421,0.56,5.1,1.3,5.3,1.9,21.8,0.43,0.14,0.86,6.6,107.5,102.6
Raymond Felton,Okc,PG,1,FrontCourt,33,20,17.4,36.3,18.1,0.075,16,0.688,83,0.47,45,0.356,0.507,6.9,1.7,5.5,2.5,22.4,0.8,0.1,0.55,7.1,111.4,101.6
Reggie Bullock,Det,SF,3,BackCourt,26,11,15.1,31.4,9.7,0.082,4,0.5,13,0.538,19,0.158,0.37,2.3,1.1,4.1,1.1,9.3,0.73,0.18,0.27,3.7,91.3,107.3
Reggie Jackson,Det,PG,1,FrontCourt,27,20,27.7,57.7,25.2,0.151,63,0.905,166,0.506,77,0.39,0.582,15.8,2.9,5.8,5.9,33.6,0.85,0.05,2.4,9.3,116.5,102.2
Richard Jefferson,Den,SF,3,BackCourt,37,6,6.7,13.9,10.4,0,4,0.5,5,0.4,3,0.333,0.461,1.5,0.3,2.8,0.7,13.3,0,0,0,4.1,116.3,113.1
Richaun Holmes,Phi,PF,4,BackCourt,24,9,12.1,25.3,14.6,0.078,10,0.7,26,0.615,5,0.2,0.593,4.7,3.6,15.2,0.8,9.4,0.11,0.33,0.33,7.9,124.9,90.3
Ricky Rubio,Uta,PG,1,FrontCourt,27,21,28.8,60.1,24.2,0.212,77,0.896,134,0.463,88,0.307,0.535,13,3.5,7,5.1,28,1.71,0.19,3.29,8.5,99.8,97.3
Robert Covington,Phi,SF,3,BackCourt,27,21,31.4,65.4,18.5,0.132,40,0.8,82,0.5,156,0.417,0.604,14.7,6.1,10.1,1.7,7.8,1.62,0.62,1.86,6.8,110.7,96.6
Robin Lopez,Chi,C,5,BackCourt,29,20,30,62.4,20.8,0.137,37,0.757,222,0.514,7,0.286,0.534,13.1,5.7,10,2.1,12.4,0.25,0.75,1.95,7.2,104.3,107.8
Rodney Hood,Uta,SG,2,FrontCourt,25,18,28.3,59,28.5,0.109,50,0.92,138,0.435,127,0.402,0.556,17.7,2.6,5.3,1.8,11.2,0.72,0.22,1.94,6.2,103,103.3
Ron Baker,Nyk,SG,2,FrontCourt,24,5,11.5,24,15.5,0.343,10,0.5,6,0.167,3,0.667,0.485,2.6,0.8,3.9,2.8,31.2,1.2,0,1.4,6.3,90.7,101.2
Rondae Hollis-Jefferson,Bro,SF,3,BackCourt,23,18,27.1,56.5,21,0.109,92,0.826,168,0.512,12,0.25,0.583,14.3,5.4,10.4,1.8,10.6,0.94,0.72,1.5,7.6,115,105.1
Royce O'Neale,Uta,SF,3,BackCourt,24,13,8.9,18.5,13.9,0.084,8,0.625,15,0.467,14,0.286,0.477,2.4,1.6,10.5,0.8,13.9,0.54,0,0.23,6.5,104.3,96.6
Rudy Gay,San,SF,3,BackCourt,31,20,22.1,46,25.1,0.141,52,0.846,146,0.507,44,0.318,0.55,11.7,5,12.6,1.7,12.4,1,0.55,1.75,8.4,104.3,94.7
Rudy Gobert,Uta,C,5,BackCourt,25,12,33.8,70.5,16.8,0.165,60,0.717,100,0.62,0,0,0.661,13.9,10.5,17.9,1.3,5.9,0.58,2.5,2.08,6.8,121,98.5
Russell Westbrook,Okc,PG,1,FrontCourt,29,20,35.3,73.6,32.7,0.175,136,0.721,270,0.43,112,0.348,0.506,22.4,9.2,14.6,9.5,47.4,2.2,0.1,4.7,14.2,103.7,95.1
Ryan Anderson,Hou,PF,4,BackCourt,29,20,30,62.6,15.6,0.079,27,0.815,41,0.634,146,0.411,0.639,12.7,5.8,10.7,0.7,3.5,0.3,0.45,0.85,5,123.7,101.7
Ryan Arcidiacono,Chi,PG,1,FrontCourt,23,1,5.3,11,16.6,0,0,0,0,0,2,0,0,0,0,0,1,25.3,0,0,0,0,28.7,98.1
Salah Mejri,Dal,C,5,BackCourt,31,18,12.2,25.5,10.6,0.173,23,0.522,31,0.742,2,0,0.673,3.2,4.6,20.6,0.5,6.3,0.39,1.44,0.5,6.4,131.6,90.1
Sam Dekker,Lac,SF,3,BackCourt,23,17,10.1,21.1,17.1,0.118,8,0.625,29,0.655,27,0.148,0.462,3.2,2,11,0.4,6.2,0.47,0.18,0.47,5.4,95.6,103.3
Sean Kilpatrick,Bro,SG,2,FrontCourt,28,14,11.7,24.3,25.5,0.149,15,0.933,42,0.31,37,0.243,0.391,4.8,2.3,10.2,1.1,13.4,0.14,0,1.07,7.9,76.8,108.4
Semi Ojeleye,Bos,PF,4,BackCourt,23,22,13.8,28.7,10.2,0.1,16,0.625,12,0.417,44,0.295,0.468,2.7,2,7.9,0.2,1.9,0.36,0,0.32,3,96.7,96.3
Serge Ibaka,Tor,PF,4,BackCourt,28,18,27,56.1,19,0.101,28,0.643,98,0.602,77,0.325,0.563,11.7,5.6,12,0.6,3,0.33,1.28,1.17,5,105.5,98.2
Shabazz Muhammad,Min,SF,3,BackCourt,25,21,11.8,24.5,17.8,0.03,18,0.722,71,0.437,19,0.211,0.444,4.1,1.8,8.8,0.3,4.1,0.24,0.1,0.14,4.4,100.8,105.8
Shabazz Napier,Por,PG,1,FrontCourt,26,18,16.3,33.9,17.5,0.102,29,0.828,63,0.46,30,0.5,0.6,7.1,1.7,5.6,1.5,14.8,1,0.11,0.67,6.4,120.1,97.6
Shane Larkin,Bos,PG,1,FrontCourt,25,17,9.6,20,16.6,0.065,12,0.917,32,0.25,20,0.25,0.367,2.5,0.8,4.4,1.2,17.7,0.29,0,0.24,5.6,89.6,93.9
Shaun Livingston,Gol,PG,1,FrontCourt,32,20,15.6,32.5,15.5,0.143,14,0.786,89,0.517,1,0,0.536,5.2,2,6.9,2.1,17.7,0.4,0.3,0.8,7.2,111.5,101.8
Shelvin Mack,Orl,PG,1,FrontCourt,27,17,18.8,39.2,13.8,0.168,17,0.706,54,0.426,23,0.304,0.468,4.6,2.1,5.9,4.8,34.1,0.65,0.12,1,7.6,110.3,109.8
Sindarius Thornwell,Lac,SG,2,FrontCourt,23,20,16.2,33.7,12.9,0.166,21,0.667,49,0.449,22,0.455,0.548,4.4,1,3.4,0.7,5.8,0.6,0.35,0.8,3.6,101.5,100.9
Skal Labissiere,Sac,PF,4,BackCourt,21,21,17.8,37.1,22.7,0.116,40,0.8,141,0.44,9,0.444,0.501,8,4.2,13.4,0.6,5.9,0.43,0.71,1.05,6.1,99.1,101
Spencer Dinwiddie,Bro,PG,1,FrontCourt,24,20,25.9,54,20.4,0.086,63,0.762,108,0.398,98,0.388,0.531,12.4,3,5.9,6.1,35.2,0.8,0.35,1.1,9.4,119.2,103.5
Stanley Johnson,Det,SF,3,BackCourt,21,17,29.6,61.6,13.4,0.11,18,0.667,64,0.469,65,0.308,0.482,7.8,3.2,6.1,1.3,5.9,1.29,0.29,1,4.3,95.8,101.4
Stephen Curry,Gol,PG,1,FrontCourt,29,20,32.6,67.9,31.1,0.13,134,0.94,161,0.578,190,0.368,0.637,26.1,5.2,8.8,6.4,29.7,1.7,0.2,3.05,11.7,121.8,101.5
Sterling Brown,Mil,SG,2,FrontCourt,22,5,5.8,12,20.7,0.077,0,0,8,0.375,4,0.25,0.375,1.8,1,10.2,0.4,10.3,0.4,0,0.2,6.2,85.9,95.7
Steven Adams,Okc,C,5,BackCourt,24,17,31,64.7,15.7,0.157,44,0.682,142,0.613,0,0,0.632,12,8.1,14.7,0.8,4.3,1.35,1.18,1.76,5.5,120.9,98.1
T.J. McConnell,Phi,PG,1,FrontCourt,25,20,24.4,50.7,13.6,0.243,12,0.833,100,0.52,16,0.563,0.581,7.1,3.6,7.5,5.4,30.7,1.2,0.2,1.95,8.5,112,100.5
Taj Gibson,Min,PF,4,BackCourt,32,22,32.5,67.6,13.9,0.127,46,0.804,164,0.573,15,0.267,0.595,10.8,8.3,14.7,1.5,6.9,0.95,0.55,1.32,6.3,119.9,103.1
Tarik Black,Hou,C,5,BackCourt,26,16,9.2,19.3,16.7,0.175,16,0.688,34,0.647,6,0,0.585,3.4,3.1,19,0.4,6.1,0.38,0.56,0.63,7,113.8,80.8
Taurean Prince,Atl,SF,3,BackCourt,23,21,30.8,64.2,20.6,0.165,31,0.71,155,0.432,84,0.429,0.522,12.6,5,9.2,2.4,12.2,1.29,0.52,2.38,6.9,95.5,106.9
Terrance Ferguson,Okc,SG,2,FrontCourt,19,13,6.6,13.8,9.9,0.101,2,0.5,8,0.625,9,0.111,0.391,1.1,0.4,3.3,0.1,1.6,0.15,0.08,0.15,2.1,81.8,94.8
Terrence Ross,Orl,SF,3,BackCourt,26,22,26.2,54.6,16.4,0.115,35,0.743,92,0.478,85,0.329,0.515,9,3.2,6.6,1.6,8.5,1.23,0.45,1.14,5.5,99.2,106.6
Terry Rozier,Bos,PG,1,FrontCourt,23,23,23.3,48.5,19,0.07,33,0.818,96,0.385,103,0.369,0.503,9.3,4.4,10.3,2,13.9,1.04,0.04,0.7,7.5,107.4,95.6
Thabo Sefolosha,Uta,SF,3,BackCourt,33,21,20.7,43.2,15.6,0.113,29,0.862,78,0.551,43,0.395,0.606,7.7,4.3,11.9,0.9,6.5,1.43,0.14,0.81,6,114.6,97.7
Thaddeus Young,Ind,PF,4,BackCourt,29,22,33.2,69.1,18.1,0.1,17,0.588,194,0.536,70,0.343,0.534,13.2,5.9,10,2,8.8,1.77,0.36,1.36,6.5,106.9,104.6
Thon Maker,Mil,PF,4,BackCourt,20,20,18.9,39.4,13.6,0.125,23,0.652,53,0.472,35,0.286,0.484,4.8,3.5,10.9,0.7,4.8,0.75,0.7,0.7,4.8,98.8,97
Tim Frazier,Was,PG,1,FrontCourt,27,21,17.2,35.9,13.4,0.297,14,0.857,46,0.457,26,0.269,0.48,3.6,2.3,7.4,3.8,30.1,0.86,0.14,1.57,7.3,97.2,97.2
Tim Hardaway Jr.,Nyk,SG,2,FrontCourt,25,21,34.1,71,23.5,0.093,75,0.8,165,0.515,152,0.316,0.534,17.8,4.2,6.9,3.3,15.1,1.14,0.24,1.71,7.4,109.8,105.4
Timofey Mozgov,Bro,C,5,BackCourt,31,16,15.1,31.5,14.8,0.242,15,0.667,44,0.705,15,0.2,0.617,5.1,4.4,15.3,0.2,1.8,0.19,0.5,1.31,4.4,102.3,103
Timothe Luwawu-Cabarrot,Phi,SF,3,BackCourt,22,20,16.4,34.1,19.2,0.119,33,0.758,49,0.51,70,0.343,0.55,7.4,1.7,5.4,0.9,7.5,0.35,0.05,0.9,5.5,105,99.7
TJ Leaf,Ind,PF,4,BackCourt,20,18,11.1,23.1,15.4,0.086,7,0.429,40,0.5,21,0.476,0.57,4.1,1.8,9,0.3,3.5,0.22,0.11,0.33,4.7,111.8,102.1
TJ Warren,Pho,SF,3,BackCourt,24,23,30.9,64.4,24.4,0.069,94,0.755,318,0.535,33,0.121,0.539,18.4,5.8,9.6,1.2,6.9,0.78,0.87,1.26,6.5,110.1,108.6
Tobias Harris,Det,PF,4,BackCourt,25,20,32.9,68.5,22.4,0.042,39,0.897,184,0.478,122,0.467,0.591,19.1,5.5,9.4,1.7,8.3,0.55,0.2,0.7,6.8,121.9,104.8
Tomas Satoransky,Was,SG,2,FrontCourt,26,12,13.5,28.1,13.3,0.122,12,0.667,30,0.467,8,0.375,0.52,3.8,1.9,7.9,2.5,26.3,0.42,0,0.5,7.8,119.5,98.9
Tony Allen,Nor,SG,2,FrontCourt,36,17,13.6,28.3,18.9,0.169,13,0.462,67,0.522,11,0.273,0.508,5,2.5,10,0.5,5.8,0.59,0.18,1,5.4,93.1,94.2
Tony Bradley,Uta,C,5,BackCourt,20,7,3,6.2,21.5,0,2,1,8,0.125,1,0,0.202,0.6,1.1,22.3,0.1,6.6,0,0,0,5.4,,
Tony Parker,San,PG,1,FrontCourt,35,2,16,33.3,22.2,0.063,2,1,14,0.5,0,0,0.538,8,1,3.5,4.5,48.3,0,0,0.5,8.3,123.7,101.1
Tony Snell,Mil,SF,3,BackCourt,26,20,31.9,66.4,10,0.079,16,0.75,51,0.627,70,0.486,0.695,8.9,2.2,4,1.8,7.7,0.75,0.4,0.55,4.1,130.6,109.8
Torrey Craig,Den,SG,2,FrontCourt,27,1,6.2,12.9,6.9,0,0,0,0,0,1,0,0,0,1,9,0,0,0,0,0,0,0,113
Treveon Graham,Cha,SG,2,FrontCourt,24,12,17.5,36.4,11.7,0.089,10,0.7,29,0.448,18,0.278,0.467,4,2.3,6.8,1.4,11.7,0.67,0,0.42,5.4,106.6,96.9
Trevor Ariza,Hou,SF,3,BackCourt,32,19,34.2,71.2,13.9,0.101,21,0.905,43,0.581,135,0.385,0.601,11.8,4.6,7.5,2.2,9.1,1.47,0.16,1.11,5.8,117.9,101
Trevor Booker,Bro,PF,4,BackCourt,30,16,22.5,46.9,20.9,0.148,41,0.561,126,0.556,11,0.273,0.555,10.8,6.9,15.9,1.9,13.9,0.5,0.31,1.69,9.3,108.3,101.5
Trey Lyles,Den,PF,4,BackCourt,22,16,10.1,21,18.9,0.14,12,0.75,33,0.545,23,0.391,0.587,4.5,2.5,13.8,0.4,6.6,0.25,0.31,0.63,6.5,110,106
Tristan Thompson,Cle,C,5,BackCourt,26,8,21.6,45,9.1,0.167,11,0.455,25,0.6,0,0,0.586,4.4,6.4,16.6,0.4,2.3,0.13,0.5,0.75,4.2,119.6,103
Troy Daniels,Pho,SG,2,FrontCourt,26,23,15.3,31.9,15.6,0.105,4,0.75,24,0.417,94,0.436,0.61,6.3,1,3.5,0.4,4.2,0.17,0,0.61,3.6,111.2,109.9
Troy Williams,Hou,SF,3,BackCourt,23,4,4.3,8.9,28.8,0.088,3,0.333,4,0.5,5,0,0.242,1.3,1,13.2,0.3,8.5,0.25,0,0.25,6.8,,
Tyler Cavanaugh,Atl,PF,4,BackCourt,23,12,9.1,19,13.2,0.061,2,1,11,0.727,19,0.421,0.68,3.5,1.9,12,0.8,13.9,0.08,0.08,0.17,7.7,138.9,101.4
Tyler Dorsey,Atl,SG,2,FrontCourt,21,7,6.5,13.6,20.9,0.184,4,0.75,5,0.4,11,0.273,0.45,2.3,0.9,7.4,0.3,6.3,0,0,0.57,5.3,81.1,115.9
Tyler Ennis,Lal,PG,1,FrontCourt,23,10,5.6,11.7,17.7,0.126,4,1,15,0.467,4,0,0.434,1.8,0.7,6.5,0.8,19.9,0.4,0.1,0.3,7.2,94.1,98
Tyler Johnson,Mia,SG,2,FrontCourt,25,20,27.4,57,18,0.109,39,0.949,92,0.391,87,0.299,0.477,9.4,3.2,6.4,2.1,11.7,0.65,0.85,1.2,5.8,97,103.1
Tyler Lydon,Den,PF,4,BackCourt,21,1,2.2,4.6,0,,0,0,0,0,0,0,,0,0,0,0,0,0,0,0,0,,
Tyler Ulis,Pho,PG,1,FrontCourt,22,22,22.6,47.1,19.2,0.185,42,0.81,138,0.42,33,0.242,0.459,7.9,1.9,4.2,4,25.5,1.14,0.05,1.95,6.9,92.7,109.1
Tyler Zeller,Bro,C,5,BackCourt,28,13,18,37.4,17.2,0.134,28,0.607,65,0.615,7,0.429,0.629,8.2,3.8,10.9,0.8,7.4,0.54,0.54,1,6.5,119.1,103.2
Tyreke Evans,Mem,SF,3,BackCourt,28,20,28.5,59.4,27.8,0.119,73,0.753,186,0.527,86,0.419,0.59,18,5,10.1,3.5,24,1,0.35,2.05,9.5,112.5,103.6
Tyson Chandler,Pho,C,5,BackCourt,35,17,25.1,52.3,11,0.184,39,0.667,76,0.645,0,0,0.666,7.3,9.2,18.8,0.7,4,0.29,0.65,1.24,5.8,123.5,102
Tyus Jones,Min,PG,1,FrontCourt,21,22,18.2,37.9,10.9,0.14,20,0.75,46,0.478,31,0.355,0.536,4.2,2,6.3,3,22.5,1.14,0.09,0.64,6.4,118.8,105
Udonis Haslem,Mia,PF,4,BackCourt,37,2,4.3,9,5.2,0,0,0,1,1,0,0,1,1,0.5,6.4,0,0,0,0,0,0,,
Vander Blue,Lal,G,5,BackCourt,25,4,7,14.6,7.4,0.4,0,0,3,0.333,0,0,0.333,0.5,0.3,1.9,0.3,4.4,0,0,0.5,2,48.2,105.9
Victor Oladipo,Ind,SG,2,FrontCourt,25,21,33.1,68.9,30.4,0.141,105,0.8,256,0.484,112,0.438,0.578,22.8,5,8.4,3.9,19,1.81,1.05,3.24,9.2,106.8,102.6
Vince Carter,Sac,SG,2,FrontCourt,41,12,12,25.1,15.1,0.123,6,0.5,17,0.235,23,0.261,0.34,2.4,1.3,6.3,0.8,8.9,0.5,0.33,0.5,4.5,71.8,103.9
Wayne Ellington,Mia,SG,2,FrontCourt,30,21,19.6,40.8,16.2,0.061,16,0.938,13,0.385,119,0.412,0.619,8.2,1.8,5,1,8,0.52,0.05,0.43,5,120.1,107.7
Wayne Selden,Mem,G,5,BackCourt,23,2,9.6,20,18.9,0.381,2,1,2,0.5,2,0.5,0.717,3.5,1,6,2,32.5,0.5,0,1.5,8,103.6,110.9
Wes Iwundu,Orl,SG,2,FrontCourt,23,5,4.9,10.3,25.2,0.209,3,0.333,10,0.4,0,0,0.398,1.8,1,11,0.6,18,0.2,0,0.6,8.4,,
Wesley Johnson,Lac,SF,3,BackCourt,30,20,25.1,52.4,13.1,0.126,21,0.714,62,0.597,61,0.361,0.586,7.8,3.7,8.2,1,5.9,1.05,1,0.95,4.9,111,102.4
Wesley Matthews,Dal,SG,2,FrontCourt,31,22,35,72.8,16.3,0.129,34,0.794,93,0.333,136,0.412,0.527,11.7,3.1,4.9,2.9,12.9,1.23,0.09,1.64,5.4,100.3,105.9
Will Barton,Den,SG,2,FrontCourt,27,21,29.6,61.7,21.5,0.122,64,0.688,144,0.514,102,0.431,0.591,15.4,5,9.4,2.9,15.2,1.05,0.38,1.81,8.2,114.7,104.8
Willie Cauley-Stein,Sac,C,5,BackCourt,24,21,25.4,52.9,20,0.135,53,0.717,177,0.508,5,0.2,0.538,10.5,6.3,14.1,2,13.5,0.86,0.95,1.52,8,106.3,104.6
Willie Reed,Lac,PF,4,BackCourt,27,19,11.1,23.1,18.1,0.103,35,0.629,62,0.694,1,1,0.708,5.8,3.3,16.7,0.3,4.1,0.16,0.42,0.47,6.5,133.6,93.7
Willy Hernangomez,Nyk,C,5,BackCourt,23,13,10.5,21.9,23.7,0.229,14,0.286,48,0.563,3,0.333,0.534,4.7,3.2,17,0.8,11.7,0.38,0.46,1.31,8.7,92.9,88.6
Wilson Chandler,Den,SF,3,BackCourt,30,18,30.3,63.1,13.8,0.159,32,0.813,81,0.519,53,0.302,0.533,8.8,4.4,8.1,2.6,12,0.5,0.39,1.56,6.1,107.6,106.5
Yogi Ferrell,Dal,PG,1,FrontCourt,24,22,28.3,58.9,15.5,0.14,50,0.8,83,0.434,80,0.375,0.546,9.2,2.5,4.9,2,10.9,0.77,0.14,1.36,5.1,102.4,105.1
Zach Collins,Por,C,5,BackCourt,20,7,4.8,10,19.4,0.4,0,0,6,0,3,0.333,0.167,0.4,0.9,9.7,0.3,8,0,0,0.86,4,,
Zach Randolph,Sac,PF,4,BackCourt,36,19,24.1,50.1,26.4,0.134,38,0.763,182,0.495,34,0.353,0.526,12.9,5.9,14.1,2,15.2,0.89,0.16,1.89,8.9,101,106.4
Zaza Pachulia,Gol,C,5,BackCourt,33,22,14.6,30.4,16.5,0.243,26,0.808,82,0.549,0,0,0.594,5,4.8,18,1.5,13.4,0.86,0.23,1.36,9,108.1,92.9
Zhou Qi,Hou,PF,4,BackCourt,22,11,5.2,10.9,20,0.15,6,0.833,9,0.222,11,0.182,0.331,1.4,1,10.7,0.1,2.3,0.18,0.55,0.36,4,68.2,90.2
